cmTop(cm),cmBot(cm),ageTop (yr BP),ageBot (yr BP),charVol (cm3),charCount(#),,,Age depth data updated on 2/4/2013
0.8,1.3,-60,-59,3,0,,,
1.3,1.9,-59,-57,3,0,,,
1.9,2.4,-57,-56,3,0,,,
2.4,2.9,-56,-54,3,0,,,
2.9,3.5,-54,-51,3,1,,,
3.5,4,-51,-49,3,1,,,
4,4.6,-49,-46,3,0,,,
4.6,5.1,-46,-44,3,0,,,
5.1,5.6,-44,-43,3,0,,,
5.6,6.2,-43,-41,3,0,,,
6.2,6.7,-41,-40,3,0,,,
6.7,7.3,-40,-38,3,0,,,
7.3,7.8,-38,-37,3,0,,,
7.8,8.3,-37,-36,3,0,,,
8.3,8.9,-36,-34,3,0,,,
8.9,9.4,-34,-32,3,0,,,
9.4,10,-32,-30,3,4,,,
10,10.5,-30,-28,3,1,,,
10.5,11,-28,-27,3,0,,,
11,11.6,-27,-24,3,1,,,
11.6,12.1,-24,-23,3,0,,,
12.1,12.7,-23,-21,3,3,,,
12.7,13.2,-21,-19,3,0,,,
13.2,13.8,-19,-17,3,0,,,
13.8,14.3,-17,-15,3,1,,,
14.3,14.8,-15,-13,3,0,,,
14.8,15.4,-13,-10,3,1,,,
15.4,15.9,-10,-8,3,1,,,
15.9,16.5,-8,-5,3,6,,,
16.5,17,-5,-3,3,4,,,
17,17.5,-3,-1,3,0,,,
17.5,18.1,-1,2,3,1,,,
18.1,18.6,2,5,3,1,,,
18.6,19.2,5,9,3,2,,,
19.2,19.7,9,12,3,5,,,
19.7,20.2,12,16,3,4,,,
20.2,20.8,16,20,3,2,,,
20.8,21.3,20,23,3,2,,,
21.3,21.9,23,27,3,7,,,
21.9,22.4,27,30,3,2,,,
22.4,22.9,30,34,3,4,,,
22.9,23.5,34,38,3,0,,,
23.5,24,38,41,3,6,,,
24,24.6,41,46,3,2,,,
24.6,25.1,46,49,3,2,,,
25.1,25.6,49,52,3,0,,,
25.6,26.2,52,56,3,1,,,
26.2,26.7,56,59,3,4,,,
26.7,27.3,59,62,3,0,,,
27.3,27.8,62,65,3,1,,,
27.8,28.4,65,69,3,0,,,
28.4,28.9,69,72,3,3,,,
28.9,29.4,72,75,3,1,,,
29.4,30,75,78,3,4,,,
30,30.5,78,81,3,4,,,
30.5,31.1,81,85,3,6,,,
31.1,31.6,85,88,3,5,,,
31.6,32.1,88,90,3,3,,,
32.1,32.7,90,94,3,1,,,
32.7,33.2,94,97,3,9,,,
33.2,33.8,97,100,3,1,,,
33.8,34.3,100,103,3,3,,,
34.3,34.8,103,106,3,9,,,
34.8,35.4,106,109,3,0,,,
35.4,35.9,109,112,3,4,,,
35.9,36.5,112,116,3,5,,,
36.5,37,116,119,3,15,,,
37,37.5,119,121,3,5,,,
37.5,38.1,121,125,3,0,,,
38.1,38.6,125,128,3,0,,,
38.6,39.2,128,131,3,10,,,
39.2,39.7,131,134,3,1,,,
39.7,40.3,134,137,3,6,,,
40.3,40.8,137,140,3,2,,,
40.8,41.3,140,142,3,45,,,
41.3,41.9,142,146,3,24,,,
41.9,42.4,146,148,3,2,,,
42.4,43,148,152,3,3,,,
43,43.5,152,154,3,164,,,
43.5,44,154,157,3,873,,,
44,44.5,157,159,3,255,,,
44.5,45,159,162,3,127,,,
45,45.4,162,164,3,50,,,
45.4,45.9,164,167,3,17,,,
45.9,46.4,167,169,3,11,,,
46.4,46.9,169,172,3,6,,,
46.9,47.4,172,174,3,2,,,
47.4,47.9,174,177,3,0,,,
47.9,48.3,177,179,3,1,,,
48.3,48.8,179,181,3,1,,,
48.8,49.3,181,184,3,1,,,
49.3,49.8,184,186,3,8,,,
49.8,50.3,186,189,3,8,,,
50.3,50.8,189,191,3,0,,,
50.8,51.2,191,193,3,1,,,
51.2,51.7,193,196,3,1,,,
51.7,52.2,196,198,3,2,,,
52.2,52.7,198,201,3,1,,,
52.7,53.2,201,203,3,2,,,
53.2,53.7,203,206,2,0,,,
53.7,54.1,206,208,2,1,,,
54.1,54.6,208,211,2,4,,,
54.6,55.1,211,213,2,4,,,
55.1,55.6,213,216,2,2,,,
55.6,56.1,216,218,2.5,6,,,
56.1,56.6,218,221,2,3,,,
56.6,57,221,223,2,1,,,
57,57.5,223,226,2,3,,,
57.5,58,226,228,3,7,,,
58,58.5,228,231,2,164,,,
58.5,59,231,234,2,40,,,
59,59.5,234,237,2,4,,,
59.5,60,237,239,3,8,,,
60,60.5,239,242,3,6,,,
60.5,61.1,242,246,3,5,,,
61.1,61.6,246,249,3,3,,,
61.6,62.1,249,251,3,6,,,
62.1,62.6,251,254,3,6,,,
62.6,63.1,254,257,3,6,,,
63.1,63.6,257,260,3,4,,,
63.6,64.1,260,263,3,5,,,
64.1,64.6,263,266,3,5,,,
64.6,65.1,266,270,3,0,,,
65.1,65.7,270,273,3,4,,,
65.7,66.2,273,276,3,5,,,
66.2,66.7,276,280,3,5,,,
66.7,67.2,280,283,3,12,,,
67.2,67.7,283,286,3,10,,,
67.7,68.2,286,289,3,9,,,
68.2,68.7,289,293,3,11,,,
68.7,69.2,293,296,3,42,,,
69.2,69.7,296,299,3,38,,,
69.7,70.3,299,303,3,5,,,
70.3,70.8,303,307,3,5,,,
70.8,71.3,307,310,3,16,,,
71.3,71.8,310,313,3,42,,,
71.8,72.3,313,317,3,9,,,
72.3,72.8,317,320,3,15,,,
72.8,73.3,320,324,3,46,,,
73.3,73.8,324,327,3,4,,,
73.8,74.3,327,331,3,2,,,
74.3,74.9,331,335,3,2,,,
74.9,75.4,335,339,3,1,,,
75.4,75.9,339,342,3,10,,,
75.9,76.4,342,346,3,3,,,
76.4,76.9,346,349,3,20,,,
76.9,77.4,349,353,3,8,,,
77.4,77.9,353,357,3,13,,,
77.9,78.4,357,360,3,18,,,
78.4,78.9,360,364,3,29,,,
78.9,79.5,364,368,3,20,,,
79.5,80,368,372,3,40,,,
80,80.5,372,376,3,21,,,
80.5,81,376,380,3,11,,,
81,81.5,380,383,3,7,,,
81.5,82,383,387,3,12,,,
82,82.5,387,391,3,42,,,
82.5,83,391,395,3,9,,,
83,83.5,395,398,3,1,,,
83.5,84,398,402,3,3,,,
84,84.5,402,406,3,7,,,
84.5,85,406,410,3,21,,,
85,85.5,410,414,3,3,,,
85.5,86,414,417,3,2,,,
86,86.5,417,421,3,5,,,
86.5,87,421,425,3,2,,,
87,87.5,425,429,3,1,,,
87.5,88,429,433,3,2,,,
88,88.5,433,437,3,5,,,
88.5,89,437,441,3,4,,,
89,89.5,441,445,3,19,,,
89.5,90,445,448,3,14,,,
90,90.5,448,452,3,13,,,
90.5,91,452,456,3,17,,,
91,91.5,456,460,3,45,,,
91.5,92,460,464,3,28,,,
92,92.5,464,468,3,12,,,
92.5,93,468,472,3,4,,,
93,93.5,472,476,3,6,,,
93.5,94,476,480,3,9,,,
94,94.5,480,484,3,1,,,
94.5,95,484,488,3,2,,,
95,95.5,488,492,3,3,,,
95.5,96,492,496,3,3,,,
96,96.5,496,499,3,8,,,
96.5,97,499,503,3,7,,,
97,97.5,503,507,3,2,,,
97.5,98,507,511,3,4,,,
98,98.5,511,515,3,7,,,
98.5,99,515,519,3,32,,,
99,99.5,519,523,3,132,,,
99.5,100,523,527,3,51,,,
100,100.5,527,531,3,1,,,
100.5,101,531,535,3,2,,,
101,101.5,535,539,3,0,,,
101.5,102,539,543,3,10,,,
102,102.5,543,547,3,2,,,
102.5,103,547,551,3,6,,,
103,103.5,551,555,3,2,,,
103.5,104,555,559,3,4,,,
104,104.5,559,563,3,1,,,
104.5,105,563,567,3,14,,,
105,105.5,567,571,3,16,,,
105.5,106,571,575,3,55,,,
106,106.5,575,579,3,8,,,
106.5,107,579,583,3,18,,,
107,107.5,583,586,3,2,,,
107.5,108,586,590,3,1,,,
108,108.5,590,594,3,2,,,
108.5,109,594,598,3,1,,,
109,109.5,598,602,3,7,,,
109.5,110,602,606,3,11,,,
110,110.5,606,610,3,8,,,
110.5,111,610,614,3,9,,,
111,111.5,614,618,3,13,,,
111.5,112,618,622,3,4,,,
112,112.5,622,626,3,22,,,
112.5,113,626,630,3,2,,,
113,113.5,630,634,3,8,,,
113.5,114,634,637,3,13,,,
114,114.5,637,641,3,4,,,
114.5,115,641,645,3,12,,,
115,115.5,645,649,3,17,,,
115.5,116,649,653,3,16,,,
116,116.5,653,657,3,14,,,
116.5,117,657,661,3,37,,,
117,117.5,661,664,3,22,,,
117.5,118,664,668,3,17,,,
118,118.5,668,672,3,13,,,
118.5,119,672,676,3,3,,,
119,119.5,676,680,3,2,,,
119.5,120,680,683,3,2,,,
120,120.5,683,687,3,7,,,
120.5,121,687,691,3,5,,,
121,121.5,691,695,3,17,,,
121.5,122,695,699,3,2,,,
122,122.5,699,702,3,3,,,
122.5,123,702,706,3,6,,,
123,123.5,706,710,3,7,,,
123.5,124,710,714,3,4,,,
124,124.5,714,717,3,1,,,
124.5,125,717,721,3,10,,,
125,125.5,721,725,3,11,,,
125.5,126,725,728,3,6,,,
126,126.5,728,732,3,5,,,
126.5,127,732,736,3,1,,,
127,127.5,736,739,3,11,,,
127.5,128,739,743,3,19,,,
128,128.5,743,747,3,8,,,
128.5,129,747,750,3,7,,,
129,129.5,750,754,3,3,,,
129.5,130,754,757,3,8,,,
130,130.5,757,761,3,5,,,
130.5,131,761,765,3,8,,,
131,131.5,765,768,3,9,,,
131.5,132,768,772,3,3,,,
132,132.5,772,775,3,11,,,
132.5,133,775,779,3,30,,,
133,133.5,779,782,3,30,,,
133.5,134,782,786,3,17,,,
134,134.5,786,789,3,6,,,
134.5,135,789,793,3,9,,,
135,135.5,793,797,3,10,,,
135.5,136,797,800,3,7,,,
136,136.5,800,804,3,6,,,
136.5,137,804,807,3,3,,,
137,137.5,807,811,3,33,,,
137.5,138,811,814,3,17,,,
138,138.5,814,818,3,17,,,
138.5,139,818,821,3,49,,,
139,139.5,821,825,3,62,,,
139.5,140,825,828,3,17,,,
140,140.5,828,832,3,3,,,
140.5,141,832,835,3,8,,,
141,141.5,835,839,3,13,,,
141.5,142,839,842,3,18,,,
142,142.5,842,846,3,12,,,
142.5,143,846,850,3,12,,,
143,143.5,850,853,3,4,,,
143.5,144,853,857,3,9,,,
144,144.5,857,860,1.5,8,,,
144.5,145,860,864,1.5,7,,,
145,145.5,864,867,1.5,10,,,
145.5,146,867,871,1.5,6,,,
146,146.5,871,874,1.5,15,,,
146.5,147,874,878,1.5,11,,,
147,147.5,878,881,1.5,30,,,
147.5,148,881,885,1.5,1,,,
148,148.5,885,889,1.5,22,,,
148.5,149,889,892,3,46,,,
149,149.5,892,896,3,26,,,
149.5,150,896,899,3,25,,,
150,150.5,899,903,3,3,,,
150.5,151,903,907,3,6,,,
151,151.5,907,910,3,2,,,
151.5,152,910,914,3,2,,,
152,152.5,914,917,3,8,,,
152.5,153,917,921,3,3,,,
153,153.5,921,925,3,3,,,
153.5,154,925,928,3,8,,,
154,154.5,928,932,3,7,,,
154.5,155,932,936,3,5,,,
155,155.5,936,939,3,26,,,
155.5,156,939,943,3,20,,,
156,156.5,943,947,3,80,,,
156.5,157,947,951,3,2,,,
157,157.5,951,954,3,52,,,
157.5,158,954,958,3,68,,,
158,158.5,958,962,3,41,,,
158.5,159,962,966,3,6,,,
159,159.5,966,969,3,10,,,
159.5,160,969,973,3,8,,,
160,160.5,973,977,3,4,,,
160.5,161,977,981,3,8,,,
161,161.5,981,985,3,14,,,
161.5,162,985,989,3,25,,,
162,162.5,989,992,3,8,,,
162.5,163,992,996,3,17,,,
163,163.5,996,1000,3,12,,,
163.5,164,1000,1004,3,12,,,
164,164.5,1004,1008,3,16,,,
164.5,165,1008,1012,3,7,,,
165,165.5,1012,1016,3,11,,,
165.5,166,1016,1020,3,28,,,
166,166.5,1020,1024,3,14,,,
166.5,167,1024,1028,3,12,,,
167,167.5,1028,1032,3,15,,,
167.5,168,1032,1036,3,10,,,
168,168.5,1036,1040,3,19,,,
168.5,169,1040,1044,3,12,,,
169,169.5,1044,1048,3,12,,,
169.5,170,1048,1052,3,10,,,
170,170.5,1052,1056,3,8,,,
170.5,171,1056,1060,3,9,,,
171,171.5,1060,1064,3,5,,,
171.5,172,1064,1068,3,3,,,
172,172.5,1068,1072,3,7,,,
172.5,173,1072,1077,3,4,,,
173,173.5,1077,1081,3,6,,,
173.5,174,1081,1085,3,6,,,
174,174.5,1085,1089,3,9,,,
174.5,175,1089,1093,3,2,,,
175,175.5,1093,1097,3,2,,,
175.5,176,1097,1102,3,2,,,
176,176.5,1102,1106,3,10,,,
176.5,177,1106,1110,3,6,,,
177,177.5,1110,1114,3,2,,,
177.5,178,1114,1119,3,2,,,
178,178.5,1119,1123,3,2,,,
178.5,179,1123,1127,3,1,,,
179,179.5,1127,1132,3,5,,,
179.5,180,1132,1136,3,2,,,
180,180.5,1136,1140,3,4,,,
180.5,181,1140,1145,3,12,,,
181,181.5,1145,1149,3,45,,,
181.5,182,1149,1154,3,9,,,
182,182.5,1154,1158,3,17,,,
182.5,183,1158,1162,3,14,,,
183,183.5,1162,1167,3,12,,,
183.5,184,1167,1171,3,14,,,
184,184.5,1171,1176,3,41,,,
184.5,185,1176,1180,3,12,,,
185,185.5,1180,1185,3,11,,,
185.5,186,1185,1189,3,10,,,
186,186.5,1189,1194,3,12,,,
186.5,187,1194,1198,3,9,,,
187,187.5,1198,1203,3,89,,,
187.5,188,1203,1208,3,27,,,
188,188.5,1208,1212,3,4,,,
188.5,189,1212,1217,3,12,,,
189,189.5,1217,1222,3,12,,,
189.5,190,1222,1226,3,11,,,
190,190.5,1226,1231,3,7,,,
190.5,191,1231,1236,3,602,,,
191,191.5,1236,1240,3,360,,,
191.5,192,1240,1245,3,892,,,
192,192.5,1245,1250,3,14,,,
192.5,193,1250,1254,3,21,,,
193,193.5,1254,1259,3,37,,,
193.5,194,1259,1264,3,16,,,
194,194.5,1264,1269,3,26,,,
194.5,195,1269,1274,3,29,,,
195,195.5,1274,1279,3,8,,,
195.5,196,1279,1283,3,6,,,
196,196.5,1283,1288,3,12,,,
196.5,197,1288,1293,3,11,,,
197,197.5,1293,1298,3,11,,,
197.5,198,1298,1303,3,14,,,
198,198.5,1303,1308,3,4,,,
198.5,199,1308,1313,3,5,,,
199,199.5,1313,1318,3,14,,,
199.5,200,1318,1323,3,9,,,
200,200.5,1323,1327,3,21,,,
200.5,201,1327,1332,3,6,,,
201,201.5,1332,1337,3,23,,,
201.5,202,1337,1342,3,60,,,
202,202.5,1342,1347,3,28,,,
202.5,203,1347,1352,3,13,,,
203,203.5,1352,1357,3,67,,,
203.5,204,1357,1362,3,66,,,
204,204.5,1362,1367,3,42,,,
204.5,205,1367,1372,3,19,,,
205,205.5,1372,1377,3,9,,,
205.5,206,1377,1382,3,9,,,
206,206.5,1382,1387,3,2,,,
206.5,207,1387,1392,3,10,,,
207,207.5,1392,1397,3,9,,,
207.5,208,1397,1402,3,7,,,
208,208.5,1402,1407,3,18,,,
208.5,209,1407,1412,3,10,,,
209,209.5,1412,1417,3,9,,,
209.5,210,1417,1422,3,35,,,
210,210.5,1422,1427,3,3,,,
210.5,211,1427,1432,3,3,,,
211,211.5,1432,1437,3,17,,,
211.5,212,1437,1442,3,3,,,
212,212.5,1442,1447,3,6,,,
212.5,213,1447,1451,3,12,,,
213,213.5,1451,1456,3,13,,,
213.5,214,1456,1461,3,5,,,
214,214.5,1461,1466,3,14,,,
214.5,215,1466,1471,3,16,,,
215,215.5,1471,1476,3,18,,,
215.5,216,1476,1481,3,12,,,
216,216.5,1481,1486,3,12,,,
216.5,217,1486,1491,3,22,,,
217,217.5,1491,1495,3,11,,,
217.5,218,1495,1500,3,7,,,
218,218.5,1500,1505,3,10,,,
218.5,219,1505,1510,3,10,,,
219,219.5,1510,1515,3,2,,,
219.5,220,1515,1519,3,12,,,
220,220.5,1519,1524,3,4,,,
220.5,221,1524,1529,3,12,,,
221,221.5,1529,1533,3,15,,,
221.5,222,1533,1538,3,21,,,
222,222.5,1538,1543,3,7,,,
222.5,223,1543,1547,3,17,,,
223,223.5,1547,1552,3,81,,,
223.5,224,1552,1557,3,16,,,
224,224.5,1557,1561,3,8,,,
224.5,225,1561,1566,3,5,,,
225,225.5,1566,1570,3,11,,,
225.5,226,1570,1575,3,49,,,
226,226.5,1575,1579,3,44,,,
226.5,227,1579,1584,3,28,,,
227,227.5,1584,1588,3,25,,,
227.5,228,1588,1593,3,12,,,
228,228.5,1593,1597,3,17,,,
228.5,229,1597,1601,3,27,,,
229,229.5,1601,1606,3,14,,,
229.5,230,1606,1610,3,9,,,
230,230.5,1610,1614,3,9,,,
230.5,231,1614,1618,3,36,,,
231,231.5,1618,1623,3,29,,,
231.5,232,1623,1627,3,25,,,
232,232.5,1627,1631,3,28,,,
232.5,233,1631,1635,3,74,,,
233,233.5,1635,1639,3,115,,,
233.5,234,1639,1643,3,46,,,
234,234.5,1643,1647,3,16,,,
234.5,235,1647,1651,3,7,,,
235,235.5,1651,1655,3,21,,,
235.5,236,1655,1659,3,8,,,
236,236.5,1659,1663,3,5,,,
236.5,237,1663,1667,3,8,,,
237,237.5,1667,1671,3,26,,,
237.5,238,1671,1674,3,10,,,
238,238.5,1674,1678,3,13,,,
238.5,239,1678,1682,3,19,,,
239,239.5,1682,1685,3,63,,,
239.5,240,1685,1689,3,8,,,
240,240.5,1689,1693,3,12,,,
240.5,241,1693,1696,3,8,,,
241,241.5,1696,1700,3,2,,,
241.5,242,1700,1703,3,11,,,
242,242.5,1703,1707,3,11,,,
242.5,243,1707,1710,3,11,,,
243,243.45,1710,1713,3,34,,,
243.5,243.9,1713,1716,3,7,,,
243.9,244.35,1716,1719,1.5,6,,,
244.35,244.8,1719,1722,1.5,11,,,
244.8,245.25,1722,1725,1.5,9,,,
245.25,245.7,1725,1727,1.5,8,,,
245.7,246.15,1727,1730,1.5,2,,,
246.15,246.6,1730,1733,1.5,13,,,
246.6,247.05,1733,1736,1.5,21,,,
247.05,247.5,1736,1739,1.5,2,,,
247.5,247.95,1739,1741,1.5,2,,,
247.95,248.5,1741,1745,1.5,7,,,
248.5,249,1745,1748,3,8,,,
249,249.5,1748,1751,3,8,,,
249.5,250,1751,1753,3,25,,,
250,250.5,1753,1756,3,11,,,
250.5,251,1756,1759,3,3,,,
251,251.5,1759,1762,3,1,,,
251.5,252,1762,1765,3,5,,,
252,252.5,1765,1768,3,3,,,
252.5,253,1768,1770,3,6,,,
253,253.5,1770,1773,3,12,,,
253.5,254,1773,1776,3,9,,,
254,254.5,1776,1779,3,8,,,
254.5,255,1779,1781,3,27,,,
255,255.5,1781,1784,3,22,,,
255.5,256,1784,1787,3,6,,,
256,256.5,1787,1789,3,56,,,
256.5,257,1789,1792,3,17,,,
257,257.5,1792,1794,3,11,,,
257.5,258,1794,1797,3,5,,,
258,258.5,1797,1800,3,15,,,
258.5,259,1800,1802,3,13,,,
259,259.5,1802,1805,3,17,,,
259.5,260,1805,1807,3,24,,,
260,260.5,1807,1810,3,62,,,
260.5,261,1810,1812,3,12,,,
261,261.5,1812,1815,3,39,,,
261.5,262,1815,1817,3,18,,,
262,262.5,1817,1820,3,17,,,
262.5,263,1820,1822,3,14,,,
263,263.5,1822,1825,3,42,,,
263.5,264,1825,1827,3,13,,,
264,264.5,1827,1829,3,2,,,
264.5,265,1829,1832,3,7,,,
265,265.5,1832,1834,3,10,,,
265.5,266,1834,1837,3,6,,,
266,266.5,1837,1839,3,6,,,
266.5,267,1839,1842,3,22,,,
267,267.5,1842,1844,3,39,,,
267.5,268,1844,1846,3,29,,,
268,268.5,1846,1849,3,29,,,
268.5,269,1849,1851,3,27,,,
269,269.5,1851,1854,3,15,,,
269.5,270,1854,1856,3,4,,,
270,270.5,1856,1858,3,16,,,
270.5,271,1858,1861,3,12,,,
271,271.5,1861,1863,3,7,,,
271.5,272,1863,1866,3,16,,,
272,272.5,1866,1868,3,16,,,
272.5,273,1868,1871,3,9,,,
273,273.5,1871,1873,3,43,,,
273.5,274,1873,1876,3,176,,,
274,274.5,1876,1878,3,14,,,
274.5,275,1878,1881,3,71,,,
275,275.5,1881,1883,3,7,,,
275.5,276,1883,1886,3,24,,,
276,276.5,1886,1888,3,14,,,
276.5,277,1888,1891,3,53,,,
277,277.5,1891,1893,3,92,,,
277.5,278,1893,1896,3,66,,,
278,278.5,1896,1898,3,25,,,
278.5,279,1898,1901,3,2,,,
279,279.5,1901,1904,3,14,,,
279.5,280,1904,1906,3,17,,,
280,280.5,1906,1909,3,26,,,
280.5,281,1909,1911,3,24,,,
281,281.5,1911,1914,3,31,,,
281.5,282,1914,1917,3,35,,,
282,282.5,1917,1920,3,21,,,
282.5,283,1920,1922,3,31,,,
283,283.5,1922,1925,3,18,,,
283.5,284,1925,1928,3,12,,,
284,284.5,1928,1931,3,21,,,
284.5,285,1931,1934,3,10,,,
285,285.5,1934,1936,3,20,,,
285.5,286,1936,1939,3,75,,,
286,286.5,1939,1942,3,8,,,
286.5,287,1942,1945,3,14,,,
287,287.5,1945,1948,3,13,,,
287.5,288,1948,1951,3,10,,,
288,288.5,1951,1954,3,27,,,
288.5,289,1954,1957,3,15,,,
289,289.5,1957,1960,3,17,,,
289.5,290,1960,1963,3,24,,,
290,290.5,1963,1967,3,12,,,
290.5,291,1967,1970,3,3,,,
291,291.5,1970,1973,3,13,,,
291.5,292,1973,1976,3,66,,,
292,292.5,1976,1980,3,5,,,
292.5,293,1980,1983,3,7,,,
293,293.5,1983,1986,3,30,,,
293.5,294,1986,1990,3,3,,,
294,294.5,1990,1993,3,4,,,
294.5,295,1993,1997,3,13,,,
295,295.5,1997,2000,3,13,,,
295.5,296,2000,2003,3,12,,,
296,296.5,2003,2007,3,12,,,
296.5,297,2007,2011,3,66,,,
297,297.5,2011,2014,3,16,,,
297.5,298,2014,2018,3,18,,,
298,298.5,2018,2021,3,9,,,
298.5,299,2021,2025,3,14,,,
299,299.5,2025,2029,3,35,,,
299.5,300,2029,2032,3,13,,,
300,300.5,2032,2036,3,42,,,
300.5,301,2036,2040,3,8,,,
301,301.5,2040,2043,3,14,,,
301.5,302,2043,2047,3,12,,,
302,302.5,2047,2051,3,8,,,
302.5,303,2051,2055,3,14,,,
303,303.5,2055,2059,3,7,,,
303.5,304,2059,2063,3,19,,,
304,304.5,2063,2066,3,113,,,
304.5,305,2066,2070,3,31,,,
305,305.5,2070,2074,3,20,,,
305.5,306,2074,2078,3,18,,,
306,306.5,2078,2082,3,11,,,
306.5,307,2082,2086,3,4,,,
307,307.5,2086,2090,3,9,,,
307.5,308,2090,2094,3,16,,,
308,308.5,2094,2098,3,19,,,
308.5,309,2098,2102,3,47,,,
309,309.5,2102,2106,3,90,,,
309.5,310,2106,2110,3,774,,,
310,310.5,2110,2114,3,330,,,
310.5,311,2114,2118,3,866,,,
311,311.5,2118,2122,3,2388,,,
311.5,312,2122,2126,3,1370,,,
312,312.5,2126,2130,3,35,,,
312.5,313,2130,2134,3,9,,,
313,313.5,2134,2138,3,23,,,
313.5,314,2138,2142,3,5,,,
314,314.5,2142,2146,3,12,,,
314.5,315,2146,2151,3,22,,,
315,315.5,2151,2155,3,5,,,
315.5,316,2155,2159,3,22,,,
316,316.5,2159,2163,3,7,,,
316.5,317,2163,2167,3,7,,,
317,317.5,2167,2171,3,7,,,
317.5,318,2171,2175,3,13,,,
318,318.5,2175,2179,3,186,,,
318.5,319,2179,2183,3,28,,,
319,319.5,2183,2187,3,3,,,
319.5,320,2187,2192,3,2,,,
320,320.5,2192,2196,3,9,,,
320.5,321,2196,2200,3,4,,,
321,321.5,2200,2204,3,12,,,
321.5,322,2204,2208,3,9,,,
322,322.5,2208,2212,3,5,,,
322.5,323,2212,2216,3,6,,,
323,323.5,2216,2220,3,9,,,
323.5,324,2220,2224,3,21,,,
324,324.5,2224,2228,3,13,,,
324.5,325,2228,2233,3,13,,,
325,325.5,2233,2237,3,3,,,
325.5,326,2237,2241,3,17,,,
326,326.5,2241,2245,3,10,,,
326.5,327,2245,2249,3,15,,,
327,327.5,2249,2253,3,4,,,
327.5,328,2253,2257,3,6,,,
328,328.5,2257,2261,3,4,,,
328.5,329,2261,2265,3,15,,,
329,329.5,2265,2269,3,24,,,
329.5,330,2269,2273,3,9,,,
330,330.5,2273,2277,3,9,,,
330.5,331,2277,2281,3,17,,,
331,331.5,2281,2285,3,11,,,
331.5,332,2285,2289,3,10,,,
332,332.5,2289,2292,3,14,,,
332.5,333,2292,2296,3,17,,,
333,333.5,2296,2300,3,6,,,
333.5,334,2300,2304,3,2,,,
334,334.5,2304,2308,3,4,,,
334.5,335,2308,2312,3,10,,,
335,335.5,2312,2316,3,5,,,
335.5,336,2316,2319,3,13,,,
336,336.5,2319,2323,3,22,,,
336.5,337,2323,2327,3,5,,,
337,337.5,2327,2331,3,6,,,
337.5,338,2331,2334,3,3,,,
338,338.5,2334,2338,3,9,,,
338.5,339,2338,2342,3,9,,,
339,339.5,2342,2345,3,22,,,
339.5,340,2345,2349,3,8,,,
340,340.5,2349,2352,3,6,,,
340.5,341,2352,2356,3,11,,,
341,341.5,2356,2360,3,14,,,
341.5,342,2360,2363,3,22,,,
342,342.5,2363,2367,3,11,,,
342.5,343,2367,2370,3,3,,,
343,343.5,2370,2373,3,11,,,
343.5,344,2373,2377,3,5,,,
344,344.4,2377,2380,3,7,,,
344.4,344.85,2380,2383,1.5,5,,,
344.85,345.3,2383,2386,1.5,10,,,
345.3,345.75,2386,2389,1.5,11,,,
345.75,346.2,2389,2392,1.5,4,,,
346.2,346.65,2392,2395,1.5,0,,,
346.65,347.1,2395,2397,1.5,0,,,
347.1,347.55,2397,2400,1.5,4,,,
347.55,348,2400,2403,1.5,7,,,
348,348.45,2403,2406,1.5,2,,,
348.45,348.9,2406,2409,1.5,1,,,
348.9,349.35,2409,2412,1.5,1,,,
349.35,349.8,2412,2415,1.5,1,,,
349.8,350.25,2415,2418,1.5,7,,,
350.25,350.7,2418,2420,1.5,10,,,
350.7,351.15,2420,2423,1.5,7,,,
351.15,351.6,2423,2426,1.5,35,,,
351.6,352,2426,2428,1.5,1,,,
352,352.5,2428,2431,3,2,,,
352.5,353,2431,2434,3,8,,,
353,353.5,2434,2437,3,1,,,
353.5,354,2437,2440,3,7,,,
354,354.5,2440,2443,3,14,,,
354.5,355,2443,2446,3,24,,,
355,355.5,2446,2449,3,4,,,
355.5,356,2449,2452,3,1,,,
356,356.5,2452,2455,3,13,,,
356.5,357,2455,2458,3,9,,,
357,357.5,2458,2461,3,8,,,
357.5,358,2461,2464,3,23,,,
358,358.5,2464,2466,3,21,,,
358.5,359,2466,2469,3,30,,,
359,359.5,2469,2472,3,17,,,
359.5,360,2472,2475,3,19,,,
360,360.5,2475,2477,3,13,,,
360.5,361,2477,2480,3,31,,,
361,361.5,2480,2483,3,4,,,
361.5,362,2483,2485,3,2,,,
362,362.5,2485,2488,3,13,,,
362.5,363,2488,2491,3,6,,,
363,363.5,2491,2493,3,16,,,
363.5,364,2493,2496,3,24,,,
364,364.5,2496,2499,3,39,,,
364.5,365,2499,2501,3,13,,,
365,365.5,2501,2504,3,22,,,
365.5,366,2504,2506,3,55,,,
366,366.5,2506,2509,3,69,,,
366.5,367,2509,2511,3,11,,,
367,367.5,2511,2514,3,6,,,
367.5,368,2514,2516,3,8,,,
368,368.5,2516,2519,3,5,,,
368.5,369,2519,2521,3,1,,,
369,369.5,2521,2524,3,3,,,
369.5,370,2524,2526,3,0,,,
370,370.5,2526,2528,3,4,,,
370.5,371,2528,2531,3,2,,,
371,371.5,2531,2533,3,3,,,
371.5,372,2533,2536,3,5,,,
372,372.5,2536,2538,3,1,,,
372.5,373,2538,2540,3,1,,,
373,373.5,2540,2543,3,3,,,
373.5,374,2543,2545,3,1,,,
374,374.5,2545,2547,3,3,,,
374.5,375,2547,2550,3,9,,,
375,375.5,2550,2552,3,6,,,
375.5,376,2552,2554,3,2,,,
376,376.5,2554,2556,3,0,,,
376.5,377,2556,2559,3,1,,,
377,377.5,2559,2561,3,1,,,
377.5,378,2561,2563,3,2,,,
378,378.5,2563,2565,3,3,,,
378.5,379,2565,2567,3,1,,,
379,379.5,2567,2570,3,1,,,
379.5,380,2570,2572,3,0,,,
380,380.5,2572,2574,3,11,,,
380.5,381,2574,2576,3,7,,,
381,381.5,2576,2578,3,37,,,
381.5,382,2578,2580,3,12,,,
382,382.5,2580,2582,3,5,,,
382.5,383,2582,2584,3,4,,,
383,383.5,2584,2587,3,1,,,
383.5,384,2587,2589,3,0,,,
384,384.5,2589,2591,3,2,,,
384.5,385,2591,2593,3,2,,,
385,385.5,2593,2595,3,7,,,
385.5,386,2595,2597,3,10,,,
386,386.5,2597,2599,3,8,,,
386.5,387,2599,2601,3,8,,,
387,387.5,2601,2603,3,35,,,
387.5,388,2603,2605,3,3,,,
388,388.5,2605,2607,3,0,,,
388.5,389,2607,2609,3,2,,,
389,389.5,2609,2611,3,7,,,
389.5,390,2611,2613,3,10,,,
390,390.5,2613,2615,3,9,,,
390.5,391,2615,2617,3,7,,,
391,391.5,2617,2619,3,13,,,
391.5,392,2619,2621,3,6,,,
392,392.5,2621,2623,3,25,,,
392.5,393,2623,2625,3,4,,,
393,393.5,2625,2627,3,6,,,
393.5,394,2627,2629,3,10,,,
394,394.5,2629,2631,3,5,,,
394.5,395,2631,2633,3,10,,,
395,395.5,2633,2635,3,14,,,
395.5,396,2635,2636,3,9,,,
396,396.5,2636,2638,3,15,,,
396.5,397,2638,2640,3,24,,,
397,397.5,2640,2642,3,44,,,
397.5,398,2642,2644,3,4,,,
398,398.5,2644,2646,3,5,,,
398.5,399,2646,2648,3,4,,,
399,399.5,2648,2650,3,7,,,
399.5,400,2650,2652,3,3,,,
400,400.5,2652,2654,3,13,,,
400.5,401,2654,2656,3,7,,,
401,401.5,2656,2658,3,12,,,
401.5,402,2658,2660,3,51,,,
402,402.5,2660,2662,3,9,,,
402.5,403,2662,2663,3,16,,,
403,403.5,2663,2665,3,6,,,
403.5,404,2665,2667,3,31,,,
404,404.5,2667,2669,3,145,,,
404.5,405,2669,2671,3,278,,,
405,405.5,2671,2673,3,13,,,
405.5,406,2673,2675,3,14,,,
406,406.5,2675,2677,3,12,,,
406.5,407,2677,2679,3,2,,,
407,407.5,2679,2681,3,2,,,
407.5,408,2681,2683,3,1,,,
408,408.5,2683,2685,3,7,,,
408.5,409,2685,2687,3,1,,,
409,409.5,2687,2689,3,9,,,
409.5,410,2689,2691,3,9,,,
410,410.5,2691,2693,3,18,,,
410.5,411,2693,2695,3,1,,,
411,411.5,2695,2697,3,0,,,
411.5,412,2697,2699,3,4,,,
412,412.5,2699,2701,3,6,,,
412.5,413,2701,2703,3,25,,,
413,413.5,2703,2705,3,25,,,
413.5,414,2705,2707,3,14,,,
414,414.5,2707,2709,3,12,,,
414.5,415,2709,2711,3,1,,,
415,415.5,2711,2713,3,9,,,
415.5,416,2713,2715,3,3,,,
416,416.5,2715,2717,3,41,,,
416.5,417,2717,2719,3,3,,,
417,417.5,2719,2721,3,3,,,
417.5,418,2721,2723,3,1,,,
418,418.5,2723,2725,3,4,,,
418.5,419,2725,2727,3,5,,,
419,419.5,2727,2729,3,10,,,
419.5,420,2729,2731,3,2,,,
420,420.5,2731,2733,3,8,,,
420.5,421,2733,2735,3,3,,,
421,421.5,2735,2738,3,18,,,
421.5,422,2738,2740,3,4,,,
422,422.5,2740,2742,3,9,,,
422.5,423,2742,2744,3,2,,,
423,423.5,2744,2746,3,11,,,
423.5,424,2746,2748,3,8,,,
424,424.5,2748,2751,3,1039,,,
424.5,425,2751,2753,3,130,,,
425,425.5,2753,2755,3,23,,,
425.5,426,2755,2757,3,14,,,
426,426.5,2757,2760,3,8,,,
426.5,427,2760,2762,3,3,,,
427,427.5,2762,2764,3,8,,,
427.5,428,2764,2766,3,7,,,
428,428.5,2766,2769,3,9,,,
428.5,429,2769,2771,3,3,,,
429,429.5,2771,2774,3,12,,,
429.5,430,2774,2776,3,1,,,
430,430.5,2776,2778,3,1,,,
430.5,431,2778,2781,3,3,,,
431,431.5,2781,2783,3,3,,,
431.5,432,2783,2786,3,7,,,
432,432.5,2786,2788,3,8,,,
432.5,433,2788,2791,3,16,,,
433,433.5,2791,2793,3,2,,,
433.5,434,2793,2796,3,3,,,
434,434.5,2796,2798,3,8,,,
434.5,435,2798,2801,3,12,,,
435,435.5,2801,2803,3,1,,,
435.5,436,2803,2806,3,14,,,
436,436.5,2806,2809,3,7,,,
436.5,437,2809,2811,3,10,,,
437,437.5,2811,2814,3,9,,,
437.5,438,2814,2817,3,7,,,
438,438.5,2817,2819,3,2,,,
438.5,439,2819,2822,3,1,,,
439,439.5,2822,2825,3,6,,,
439.5,440,2825,2828,3,17,,,
440,440.5,2828,2831,3,2,,,
440.5,441,2831,2834,3,4,,,
441,441.5,2834,2836,3,4,,,
441.5,442,2836,2839,3,4,,,
442,442.5,2839,2842,3,6,,,
442.5,443,2842,2845,3,2,,,
443,443.5,2845,2848,3,6,,,
443.5,444.25,2848,2853,3,2,,,
444.25,445,2853,2858,1.5,0,,,
445,445.75,2858,2862,1.5,7,,,
445.75,446.5,2862,2867,1.5,8,,,
446.5,447.25,2867,2872,1.5,58,,,
447.25,448,2872,2877,1.5,10,,,
448,448.75,2877,2882,1.5,9,,,
448.75,449.5,2882,2887,1.5,7,,,
449.5,450,2887,2890,3,30,,,
450,450.5,2890,2894,3,17,,,
450.5,451,2894,2897,3,39,,,
451,451.5,2897,2901,3,47,,,
451.5,452,2901,2904,3,25,,,
452,452.5,2904,2908,3,338,,,
452.5,453,2908,2911,3,95,,,
453,453.5,2911,2915,3,79,,,
453.5,454,2915,2919,3,1,,,
454,454.5,2919,2923,3,3,,,
454.5,455,2923,2926,3,108,,,
455,455.5,2926,2930,3,8,,,
455.5,456,2930,2934,3,28,,,
456,456.5,2934,2938,3,51,,,
456.5,457,2938,2942,3,20,,,
457,457.5,2942,2946,3,51,,,
457.5,458,2946,2950,3,96,,,
458,458.5,2950,2954,3,17,,,
458.5,459,2954,2958,3,8,,,
459,459.5,2958,2962,3,10,,,
459.5,460,2962,2966,3,20,,,
460,460.5,2966,2970,3,14,,,
460.5,461,2970,2974,3,8,,,
461,461.5,2974,2978,3,8,,,
461.5,462,2978,2982,3,2,,,
462,462.5,2982,2986,3,6,,,
462.5,463,2986,2991,3,13,,,
463,463.5,2991,2995,3,5,,,
463.5,464,2995,2999,3,1,,,
464,464.5,2999,3004,3,1,,,
464.5,465,3004,3008,3,4,,,
465,465.5,3008,3012,3,3,,,
465.5,466,3012,3017,3,5,,,
466,466.5,3017,3021,3,27,,,
466.5,467,3021,3025,3,1,,,
467,467.5,3025,3030,3,4,,,
467.5,468,3030,3034,3,13,,,
468,468.5,3034,3039,3,2,,,
468.5,469,3039,3043,3,10,,,
469,469.5,3043,3048,3,16,,,
469.5,470,3048,3052,3,8,,,
470,470.5,3052,3057,3,24,,,
470.5,471,3057,3062,3,2,,,
471,471.5,3062,3066,3,4,,,
471.5,472,3066,3071,3,45,,,
472,472.5,3071,3075,3,0,,,
472.5,473,3075,3080,3,4,,,
473,473.5,3080,3085,3,3,,,
473.5,474,3085,3089,3,7,,,
474,474.5,3089,3094,3,6,,,
474.5,475,3094,3099,3,8,,,
475,475.5,3099,3104,3,1,,,
475.5,476,3104,3108,3,8,,,
476,476.5,3108,3113,3,24,,,
476.5,477,3113,3118,3,89,,,
477,477.5,3118,3123,3,3,,,
477.5,478,3123,3127,3,1,,,
478,478.5,3127,3132,3,2,,,
478.5,479,3132,3137,3,2,,,
479,479.5,3137,3142,3,3,,,
479.5,480,3142,3147,3,27,,,
480,480.5,3147,3151,3,11,,,
480.5,481,3151,3156,3,9,,,
481,481.5,3156,3161,3,7,,,
481.5,482,3161,3166,3,10,,,
482,482.5,3166,3171,3,4,,,
482.5,483,3171,3176,3,8,,,
483,483.5,3176,3181,3,13,,,
483.5,484,3181,3186,3,5,,,
484,484.5,3186,3190,3,59,,,
484.5,485,3190,3195,3,6,,,
485,485.5,3195,3200,3,5,,,
485.5,486,3200,3205,3,27,,,
486,486.5,3205,3210,3,12,,,
486.5,487,3210,3215,3,1,,,
487,487.5,3215,3220,3,19,,,
487.5,488,3220,3225,3,17,,,
488,488.5,3225,3230,3,3,,,
488.5,489,3230,3234,3,6,,,
489,489.5,3234,3239,3,6,,,
489.5,490,3239,3244,3,13,,,
490,490.5,3244,3249,3,13,,,
490.5,491,3249,3254,3,19,,,
491,491.5,3254,3259,3,201,,,
491.5,492,3259,3264,3,294,,,
492,492.5,3264,3269,3,14,,,
492.5,493,3269,3274,3,9,,,
493,493.5,3274,3279,3,34,,,
493.5,494,3279,3283,3,17,,,
494,494.5,3283,3288,3,9,,,
494.5,495,3288,3293,3,7,,,
495,495.5,3293,3298,3,1,,,
495.5,496,3298,3303,3,7,,,
496,496.5,3303,3308,3,29,,,
496.5,497,3308,3313,3,10,,,
497,497.5,3313,3318,3,91,,,
497.5,498,3318,3323,3,2,,,
498,498.5,3323,3328,3,5,,,
498.5,499,3328,3333,3,4,,,
499,499.5,3333,3338,3,6,,,
499.5,500,3338,3343,3,3,,,
500,500.5,3343,3348,3,8,,,
500.5,501,3348,3353,3,23,,,
501,501.5,3353,3358,3,8,,,
501.5,502,3358,3363,3,3,,,
502,502.5,3363,3368,3,40,,,
502.5,503,3368,3373,3,13,,,
503,503.5,3373,3377,3,20,,,
503.5,504,3377,3383,3,49,,,
504,504.5,3383,3388,3,25,,,
504.5,505,3388,3393,3,48,,,
505,505.5,3393,3398,3,110,,,
505.5,506,3398,3403,3,8,,,
506,506.5,3403,3408,3,12,,,
506.5,507,3408,3413,3,23,,,
507,507.5,3413,3418,3,34,,,
507.5,508,3418,3423,3,11,,,
508,508.5,3423,3428,3,4,,,
508.5,509,3428,3433,3,18,,,
509,509.5,3433,3438,3,3,,,
509.5,510,3438,3443,3,10,,,
510,510.5,3443,3448,3,5,,,
510.5,511,3448,3453,3,4,,,
511,511.5,3453,3459,3,4,,,
511.5,512,3459,3464,3,7,,,
512,512.5,3464,3469,3,6,,,
512.5,513,3469,3474,3,5,,,
513,513.5,3474,3479,3,23,,,
513.5,514,3479,3484,3,20,,,
514,514.5,3484,3490,3,6,,,
514.5,515,3490,3495,3,10,,,
515,515.5,3495,3500,3,3,,,
515.5,516,3500,3505,3,6,,,
516,516.5,3505,3510,3,32,,,
516.5,517,3510,3516,3,16,,,
517,517.5,3516,3521,3,17,,,
517.5,518,3521,3526,3,3,,,
518,518.5,3526,3532,3,12,,,
518.5,519,3532,3537,3,5,,,
519,519.5,3537,3542,3,15,,,
519.5,520,3542,3548,3,6,,,
520,520.5,3548,3553,3,14,,,
520.5,521,3553,3558,3,2,,,
521,521.5,3558,3564,3,20,,,
521.5,522,3564,3569,3,21,,,
522,522.5,3569,3575,3,2,,,
522.5,523,3575,3580,3,2,,,
523,523.5,3580,3586,3,1,,,
523.5,524,3586,3591,3,5,,,
524,524.5,3591,3596,3,2,,,
524.5,525,3596,3602,3,4,,,
525,525.5,3602,3608,3,40,,,
525.5,526,3608,3613,3,15,,,
526,526.5,3613,3619,3,7,,,
526.5,527,3619,3624,3,3,,,
527,527.5,3624,3630,3,6,,,
527.5,528,3630,3635,3,3,,,
528,528.5,3635,3641,3,11,,,
528.5,529,3641,3647,3,16,,,
529,529.5,3647,3652,3,11,,,
529.5,530,3652,3658,3,17,,,
530,530.5,3658,3664,3,21,,,
530.5,531,3664,3669,3,23,,,
531,531.5,3669,3675,3,31,,,
531.5,532,3675,3681,3,45,,,
532,532.5,3681,3687,3,76,,,
532.5,533,3687,3693,3,107,,,
533,533.5,3693,3698,3,118,,,
533.5,534,3698,3704,3,177,,,
534,534.5,3704,3710,3,592,,,
534.5,535,3710,3716,1,1464,,,
535,535.5,3716,3722,1,1464,,,
535.5,536,3722,3728,3,207,,,
536,536.5,3728,3734,3,12,,,
536.5,537,3734,3740,3,58,,,
537,537.5,3740,3746,3,15,,,
537.5,538,3746,3751,3,10,,,
538,538.5,3751,3757,3,2,,,
538.5,539,3757,3763,3,6,,,
539,539.5,3763,3769,3,7,,,
539.5,540,3769,3775,3,15,,,
540,540.5,3775,3781,3,31,,,
540.5,541,3781,3787,3,172,,,
541,541.5,3787,3793,3,3668,,,
541.5,542,3793,3800,3,1808,,,
542,542.5,3800,3806,3,110,,,
542.5,542.9,3806,3810,3,6,,,
542.9,543.5,3810,3818,1.5,9,,,
543.5,544.1,3818,3825,1.5,1,,,
544.1,544.7,3825,3832,1.5,7,,,
544.7,545.3,3832,3840,1.5,10,,,
545.3,545.9,3840,3847,1.5,2,,,
545.9,546.5,3847,3854,1.5,7,,,
546.5,547,3854,3860,1.5,4,,,
547,547.5,3860,3866,3,168,,,
547.5,548,3866,3872,3,47,,,
548,548.5,3872,3879,3,17,,,
548.5,549,3879,3885,3,31,,,
549,549.5,3885,3891,3,129,,,
549.5,550,3891,3897,3,33,,,
550,550.5,3897,3903,3,6,,,
550.5,551,3903,3909,3,19,,,
551,551.5,3909,3915,3,12,,,
551.5,552,3915,3921,3,4,,,
552,552.5,3921,3927,3,1,,,
552.5,553,3927,3933,3,24,,,
553,553.5,3933,3940,3,8,,,
553.5,554,3940,3946,3,1,,,
554,554.5,3946,3952,3,5,,,
554.5,555,3952,3958,3,7,,,
555,555.5,3958,3964,3,9,,,
555.5,556,3964,3970,3,5,,,
556,556.5,3970,3976,3,5,,,
556.5,557,3976,3982,3,38,,,
557,557.5,3982,3988,3,12,,,
557.5,558,3988,3994,3,5,,,
558,558.5,3994,4000,3,9,,,
558.5,559,4000,4006,3,5,,,
559,559.5,4006,4012,3,12,,,
559.5,560,4012,4018,3,11,,,
560,560.5,4018,4024,3,28,,,
560.5,561,4024,4030,3,23,,,
561,561.5,4030,4036,3,3,,,
561.5,562,4036,4042,3,1,,,
562,562.5,4042,4048,3,6,,,
562.5,563,4048,4054,3,2,,,
563,563.5,4054,4060,3,12,,,
563.5,564,4060,4066,3,2,,,
564,564.5,4066,4072,3,9,,,
564.5,565,4072,4078,3,10,,,
565,565.5,4078,4084,3,83,,,
565.5,566,4084,4090,3,78,,,
566,566.5,4090,4096,3,25,,,
566.5,567,4096,4102,3,3,,,
567,567.5,4102,4107,3,10,,,
567.5,568,4107,4113,3,9,,,
568,568.5,4113,4119,3,21,,,
568.5,569,4119,4125,3,10,,,
569,569.5,4125,4131,3,4,,,
569.5,570,4131,4136,3,2,,,
570,570.5,4136,4142,3,23,,,
570.5,571,4142,4148,3,19,,,
571,571.5,4148,4153,3,44,,,
571.5,572,4153,4159,3,245,,,
572,572.5,4159,4165,3,15,,,
572.5,573,4165,4170,3,10,,,
573,573.5,4170,4176,3,22,,,
573.5,574,4176,4182,3,94,,,
574,574.5,4182,4187,3,8,,,
574.5,575,4187,4193,3,5,,,
575,575.5,4193,4198,3,19,,,
575.5,576,4198,4204,3,8,,,
576,576.5,4204,4209,3,8,,,
576.5,577,4209,4215,3,11,,,
577,577.5,4215,4220,3,10,,,
577.5,578,4220,4226,3,2,,,
578,578.5,4226,4231,3,18,,,
578.5,579,4231,4236,3,16,,,
579,579.5,4236,4242,3,3,,,
579.5,580,4242,4247,3,11,,,
580,580.5,4247,4253,3,4,,,
580.5,581,4253,4258,3,1,,,
581,581.5,4258,4263,3,2,,,
581.5,582,4263,4269,3,4,,,
582,582.5,4269,4274,3,24,,,
582.5,583,4274,4279,3,6,,,
583,583.5,4279,4285,3,18,,,
583.5,584,4285,4290,3,2,,,
584,584.5,4290,4295,3,2,,,
584.5,585,4295,4300,3,0,,,
585,585.5,4300,4306,3,5,,,
585.5,586,4306,4311,3,26,,,
586,586.5,4311,4316,3,4,,,
586.5,587,4316,4321,3,5,,,
587,587.5,4321,4326,3,10,,,
587.5,588,4326,4332,3,23,,,
588,588.5,4332,4337,3,114,,,
588.5,589,4337,4342,3,4,,,
589,589.5,4342,4347,3,17,,,
589.5,590,4347,4352,3,18,,,
590,590.5,4352,4357,3,13,,,
590.5,591,4357,4362,3,18,,,
591,591.5,4362,4368,3,131,,,
591.5,592,4368,4373,3,24,,,
592,592.5,4373,4378,3,7,,,
592.5,593,4378,4383,3,7,,,
593,593.5,4383,4388,3,4,,,
593.5,594,4388,4393,3,6,,,
594,594.5,4393,4398,3,29,,,
594.5,595,4398,4403,3,8,,,
595,595.5,4403,4408,3,34,,,
595.5,596,4408,4413,3,25,,,
596,596.5,4413,4418,3,9,,,
596.5,597,4418,4423,3,3,,,
597,597.5,4423,4428,3,17,,,
597.5,598,4428,4433,3,14,,,
598,598.5,4433,4438,3,12,,,
598.5,599,4438,4443,3,11,,,
599,599.5,4443,4448,3,86,,,
599.5,600,4448,4453,3,6,,,
600,600.5,4453,4458,3,9,,,
600.5,601,4458,4463,3,6,,,
601,601.5,4463,4468,3,9,,,
601.5,602,4468,4473,3,5,,,
602,602.5,4473,4478,3,2,,,
602.5,603,4478,4483,3,9,,,
603,603.5,4483,4488,3,19,,,
603.5,604,4488,4493,3,6,,,
604,604.5,4493,4498,3,8,,,
604.5,605,4498,4503,3,5,,,
605,605.5,4503,4508,3,2,,,
605.5,606,4508,4513,3,8,,,
606,606.5,4513,4518,3,4,,,
606.5,607,4518,4523,3,10,,,
607,607.5,4523,4528,3,14,,,
607.5,608,4528,4533,3,22,,,
608,608.5,4533,4537,3,3,,,
608.5,609,4537,4542,3,14,,,
609,609.5,4542,4547,3,5,,,
609.5,610,4547,4552,3,12,,,
610,610.5,4552,4557,3,82,,,
610.5,611,4557,4562,3,15,,,
611,611.5,4562,4567,3,12,,,
611.5,612,4567,4572,3,1,,,
612,612.5,4572,4577,3,6,,,
612.5,613,4577,4582,3,25,,,
613,613.5,4582,4587,3,5,,,
613.5,614,4587,4592,3,8,,,
614,614.5,4592,4597,3,332,,,
614.5,615,4597,4602,3,84,,,
615,615.5,4602,4607,3,14,,,
615.5,616,4607,4612,3,15,,,
616,616.5,4612,4617,3,33,,,
616.5,617,4617,4622,3,188,,,
617,617.5,4622,4627,3,27,,,
617.5,618,4627,4632,3,12,,,
618,618.5,4632,4637,3,7,,,
618.5,619,4637,4642,3,8,,,
619,619.5,4642,4647,3,39,,,
619.5,620,4647,4652,3,221,,,
620,620.5,4652,4657,3,16,,,
620.5,621,4657,4662,3,11,,,
621,621.5,4662,4667,3,11,,,
621.5,622,4667,4672,3,7,,,
622,622.5,4672,4678,3,1,,,
622.5,623,4678,4683,3,14,,,
623,623.5,4683,4688,3,13,,,
623.5,624,4688,4693,3,5,,,
624,624.5,4693,4698,3,92,,,
624.5,625,4698,4703,3,18,,,
625,625.5,4703,4708,3,20,,,
625.5,626,4708,4714,3,43,,,
626,626.5,4714,4719,3,4,,,
626.5,627,4719,4724,3,1,,,
627,627.5,4724,4729,3,34,,,
627.5,628,4729,4735,3,10,,,
628,628.5,4735,4740,3,5,,,
628.5,629,4740,4745,3,7,,,
629,629.5,4745,4751,3,2,,,
629.5,630,4751,4756,3,1,,,
630,630.5,4756,4761,3,4,,,
630.5,631,4761,4767,3,1,,,
631,631.5,4767,4772,3,0,,,
631.5,632,4772,4777,3,3,,,
632,632.5,4777,4783,3,0,,,
632.5,633,4783,4788,3,10,,,
633,633.5,4788,4794,3,21,,,
633.5,634,4794,4799,3,3,,,
634,634.5,4799,4805,3,5,,,
634.5,635,4805,4810,3,4,,,
635,635.5,4810,4816,3,13,,,
635.5,636,4816,4821,3,3,,,
636,636.5,4821,4827,3,13,,,
636.5,637,4827,4832,3,16,,,
637,637.5,4832,4838,3,5,,,
637.5,638,4838,4844,3,29,,,
638,638.5,4844,4849,3,5,,,
638.5,639,4849,4855,3,16,,,
639,639.5,4855,4861,3,77,,,
639.5,640,4861,4867,3,50,,,
640,640.5,4867,4872,3,17,,,
640.5,641,4872,4878,3,10,,,
641,641.5,4878,4884,1.5,1,,,
641.5,642,4884,4890,1.5,7,,,
642,642.5,4890,4896,1.5,0,,,
642.5,643,4896,4902,1.5,4,,,
643,643.5,4902,4908,1.5,13,,,
643.5,644,4908,4914,1.5,7,,,
644,644.5,4914,4920,1.5,49,,,
644.5,645,4920,4926,1.5,4,,,
645,645.5,4926,4932,1.5,5,,,
645.5,646,4932,4938,1.5,9,,,
646,646.5,4938,4944,1.5,271,,,
646.5,647,4944,4950,1.5,596,,,
647,647.5,4950,4956,1.5,2098,,,
647.5,648,4956,4962,1.5,305,,,
648,648.5,4962,4968,1.5,12,,,
648.5,649,4968,4974,1.5,4,,,
649,649.5,4974,4981,1.5,2,,,
649.5,650,4981,4987,1.5,4,,,
650,650.5,4987,4993,1.5,17,,,
650.5,651,4993,4999,1.5,4,,,
651,651.5,4999,5005,1.5,24,,,
651.5,652,5005,5012,1.5,5,,,
652,652.5,5012,5018,1.5,0,,,
652.5,653,5018,5024,1.5,1,,,
653,653.5,5024,5031,1.5,3,,,
653.5,654,5031,5037,1.5,1,,,
654,654.5,5037,5043,1.5,27,,,
654.5,655,5043,5050,1.5,6,,,
655,655.5,5050,5056,1.5,3,,,
655.5,656,5056,5063,1.5,1,,,
656,656.5,5063,5069,1.5,1,,,
656.5,657,5069,5075,1.5,0,,,
657,657.5,5075,5082,1.5,3,,,
657.5,658,5082,5088,1.5,10,,,
658,658.5,5088,5095,1.5,2,,,
658.5,659,5095,5101,1.5,9,,,
659,659.5,5101,5108,1.5,10,,,
659.5,660,5108,5114,1.5,8,,,
660,660.5,5114,5121,1.5,3,,,
660.5,661,5121,5127,1.5,6,,,
661,661.5,5127,5134,1.5,3,,,
661.5,662,5134,5141,1.5,1,,,
662,662.5,5141,5147,1.5,4,,,
662.5,663,5147,5154,1.5,11,,,
663,663.5,5154,5160,1.5,2,,,
663.5,664,5160,5167,1.5,5,,,
664,664.5,5167,5174,1.5,2,,,
664.5,665,5174,5180,1.5,6,,,
665,665.5,5180,5187,1.5,6,,,
665.5,666,5187,5193,1.5,2,,,
666,666.5,5193,5200,1.5,3,,,
666.5,667,5200,5207,1.5,1,,,
667,667.5,5207,5214,1.5,2,,,
667.5,668,5214,5220,1.5,5,,,
668,668.5,5220,5227,1.5,20,,,
668.5,669,5227,5234,1.5,14,,,
669,669.5,5234,5240,1.5,57,,,
669.5,670,5240,5247,1.5,73,,,
670,670.5,5247,5254,1.5,11,,,
670.5,671,5254,5260,1.5,15,,,
671,671.5,5260,5267,1.5,13,,,
671.5,672,5267,5274,1.5,230,,,
672,672.5,5274,5281,1.5,26,,,
672.5,673,5281,5287,1.5,1,,,
673,673.5,5287,5294,1.5,3,,,
673.5,674,5294,5301,1.5,5,,,
674,674.5,5301,5308,1.5,5,,,
674.5,675,5308,5314,1.5,5,,,
675,675.5,5314,5321,1.5,17,,,
675.5,676,5321,5328,1.5,7,,,
676,676.5,5328,5335,1.5,10,,,
676.5,677,5335,5341,1.5,7,,,
677,677.5,5341,5348,1.5,9,,,
677.5,678,5348,5355,1.5,18,,,
678,678.5,5355,5362,1.5,29,,,
678.5,679,5362,5368,1.5,1,,,
679,679.5,5368,5375,1.5,25,,,
679.5,680,5375,5382,1.5,8,,,
680,680.5,5382,5389,1.5,11,,,
680.5,681,5389,5396,1.5,6,,,
681,681.5,5396,5402,1.5,41,,,
681.5,682,5402,5409,1.5,11,,,
682,682.5,5409,5416,1.5,2,,,
682.5,683,5416,5423,1.5,4,,,
683,683.5,5423,5429,1.5,1,,,
683.5,684,5429,5436,1.5,2,,,
684,684.5,5436,5443,1.5,40,,,
684.5,685,5443,5450,1.5,38,,,
685,685.5,5450,5456,1.5,15,,,
685.5,686,5456,5463,1.5,17,,,
686,686.5,5463,5470,1.5,2,,,
686.5,687,5470,5477,1.5,3,,,
687,687.5,5477,5483,1.5,4,,,
687.5,688,5483,5490,1.5,6,,,
688,688.5,5490,5497,1.5,8,,,
688.5,689,5497,5504,1.5,12,,,
689,689.5,5504,5510,1.5,7,,,
689.5,690,5510,5517,1.5,14,,,
690,690.5,5517,5524,1.5,12,,,
690.5,691,5524,5530,1.5,18,,,
691,691.5,5530,5537,1.5,11,,,
691.5,692,5537,5544,1.5,7,,,
692,692.5,5544,5551,1.5,9,,,
692.5,693,5551,5557,1.5,9,,,
693,693.5,5557,5564,1.5,6,,,
693.5,694,5564,5571,1.5,11,,,
694,694.5,5571,5577,1.5,25,,,
694.5,695,5577,5584,1.5,58,,,
695,695.5,5584,5591,1.5,7,,,
695.5,696,5591,5597,1.5,3,,,
696,696.5,5597,5604,1.5,0,,,
696.5,697,5604,5610,1.5,4,,,
697,697.5,5610,5617,1.5,1,,,
697.5,698,5617,5624,1.5,4,,,
698,698.5,5624,5630,1.5,7,,,
698.5,699,5630,5637,1.5,26,,,
699,699.5,5637,5643,1.5,4,,,
699.5,700,5643,5650,1.5,12,,,
700,700.5,5650,5657,1.5,12,,,
700.5,701,5657,5663,1.5,5,,,
701,701.5,5663,5670,1.5,1,,,
701.5,702,5670,5676,1.5,12,,,
702,702.5,5676,5683,1.5,4,,,
702.5,703,5683,5689,1.5,6,,,
703,703.5,5689,5696,1.5,8,,,
703.5,704,5696,5702,1.5,7,,,
704,704.5,5702,5709,1.5,14,,,
704.5,705,5709,5715,1.5,4,,,
705,705.5,5715,5722,1.5,8,,,
705.5,706,5722,5728,1.5,6,,,
706,706.5,5728,5735,1.5,8,,,
706.5,707,5735,5741,1.5,20,,,
707,707.5,5741,5748,1.5,21,,,
707.5,708,5748,5754,1.5,40,,,
708,708.5,5754,5760,1.5,11,,,
708.5,709,5760,5767,1.5,14,,,
709,709.5,5767,5773,1.5,13,,,
709.5,710,5773,5780,1.5,2,,,
710,710.5,5780,5786,1.5,2,,,
710.5,711,5786,5792,1.5,8,,,
711,711.5,5792,5799,1.5,17,,,
711.5,712,5799,5805,1.5,12,,,
712,712.5,5805,5811,1.5,25,,,
712.5,713,5811,5817,1.5,11,,,
713,713.5,5817,5824,1.5,1,,,
713.5,714,5824,5830,1.5,8,,,
714,714.5,5830,5836,1.5,6,,,
714.5,715,5836,5842,1.5,27,,,
715,715.5,5842,5849,1.5,39,,,
715.5,716,5849,5855,1.5,9,,,
716,716.5,5855,5861,1.5,10,,,
716.5,717,5861,5867,1.5,4,,,
717,717.5,5867,5873,1.5,314,,,
717.5,718,5873,5879,1.5,2196,,,
718,718.5,5879,5886,1.5,2196,,,
718.5,719,5886,5892,1.5,19,,,
719,719.5,5892,5898,1.5,1,,,
719.5,720,5898,5904,1.5,11,,,
720,720.5,5904,5910,1.5,1,,,
720.5,721,5910,5916,1.5,52,,,
721,721.5,5916,5922,1.5,29,,,
721.5,722,5922,5928,1.5,35,,,
722,722.5,5928,5934,1.5,105,,,
722.5,723,5934,5940,1.5,718,,,
723,723.5,5940,5946,1.5,40,,,
723.5,724,5946,5952,1.5,5,,,
724,724.5,5952,5958,1.5,9,,,
724.5,725,5958,5963,1.5,7,,,
725,725.5,5963,5969,1.5,5,,,
725.5,726,5969,5975,1.5,27,,,
726,726.5,5975,5981,1.5,10,,,
726.5,727,5981,5987,1.5,3,,,
727,727.5,5987,5993,1.5,1,,,
727.5,728,5993,5998,1.5,1,,,
728,728.5,5998,6004,1.5,0,,,
728.5,729,6004,6010,1.5,16,,,
729,729.5,6010,6016,1.5,2,,,
729.5,730,6016,6021,1.5,40,,,
730,730.5,6021,6027,1.5,27,,,
730.5,731,6027,6033,1.5,6,,,
731,731.5,6033,6039,1.5,3,,,
731.5,732,6039,6044,1.5,5,,,
732,732.5,6044,6050,1.5,10,,,
732.5,733,6050,6056,1.5,1,,,
733,733.5,6056,6061,1.5,2,,,
733.5,734,6061,6067,1.5,10,,,
734,734.5,6067,6073,1.5,3,,,
734.5,735,6073,6078,1.5,14,,,
735,735.5,6078,6084,1.5,359,,,
735.5,736,6084,6089,1.5,14,,,
736,736.5,6089,6095,1.5,9,,,
736.5,737,6095,6100,1.5,14,,,
737,737.5,6100,6106,1.5,92,,,
737.5,738,6106,6112,1.5,13,,,
738,738.5,6112,6117,1.5,11,,,
738.5,739,6117,6123,1.5,45,,,
739,739.5,6123,6128,1.5,24,,,
739.5,740,6128,6134,1.5,21,,,
740,740.5,6134,6139,1.5,3,,,
740.5,741,6139,6145,1.5,10,,,
741,741.5,6145,6150,1.5,0,,,
741.5,742,6150,6156,1.5,1,,,
742,742.5,6156,6161,1.5,3,,,
742.5,743,6161,6166,1.5,25,,,
743,743.5,6166,6172,1.5,16,,,
743.5,744,6172,6177,1.5,12,,,
744,744.5,6177,6183,1.5,138,,,
744.5,745,6183,6188,1.5,7,,,
745,745.5,6188,6194,1.5,4,,,
745.5,746,6194,6199,1.5,10,,,
746,746.5,6199,6204,1.5,140,,,
746.5,747,6204,6210,1.5,34,,,
747,747.5,6210,6215,1.5,19,,,
747.5,748,6215,6220,1.5,11,,,
