cm Top_i (cm)                   ,age Top_i (yr BP)              ,char Count_i (#)               ,char Vol_i (cm3)               ,char Con_i (# cm-3)            ,char Acc_i (# cm-2 yr-1)       ,charBkg (# cm-2 yr-1)          ,char Peak (# cm-2 yr-1)        ,thresh 1 (# cm-2 yr-1)         ,thresh 2 (# cm-2 yr-1)         ,thresh 3 (# cm-2 yr-1)         ,thresh FinalPos (# cm-2 yr-1)  ,thresh FinalNeg (# cm-2 yr-1)  ,SNI (index)                    ,thresh GOF (p-val)             ,peaks 1                        ,peaks 2                        ,peaks 3                        ,peaks Final                    ,peaks Insig.                   ,peak Mag (# cm-2 peak-1)       
0,-57,0.618,3,0.206,0.033432,0.0096948,0.023737,0.005354,0.0089768,0.013038,0.0089768,-0.015757,4.6698,0.11198,0,0,0,0,0,0
2.4344,-42,0.44333,3,0.14778,0.018681,0.0096465,0.0090343,0.0053365,0.0089415,0.012982,0.0089415,-0.01567,4.6585,0.036208,0,0,0,0,1,0.23765
4.3305,-27,0.30267,3,0.10089,0.010878,0.0096019,0.0012765,0.00532,0.0089074,0.012929,0.0089074,-0.015584,4.6472,0.15172,0,0,0,0,0,0
5.9479,-12,0,3,0,0,0.0095603,-0.0095603,0.0053043,0.0088742,0.012876,0.0088742,-0.015498,4.6358,0.17951,0,0,0,0,0,0
7.0329,3,0.45933,3,0.15311,0.0086431,0.0095209,-0.00087784,0.0052889,0.0088412,0.012823,0.0088412,-0.015411,4.6245,0.11062,0,0,0,0,0,0
7.8796,18,0,3,0,0,0.0094833,-0.0094833,0.0052734,0.0088081,0.01277,0.0088081,-0.015324,4.6132,0.18523,0,0,0,0,0,0
8.5983,33,0.56333,3,0.18778,0.0085234,0.0094468,-0.00092343,0.0052575,0.0087744,0.012716,0.0087744,-0.015236,4.6021,0.23718,0,0,0,0,0,0
9.2792,48,1.5227,3,0.50756,0.029094,0.0094112,0.019682,0.0052409,0.0087396,0.012661,0.0087396,-0.015147,4.5911,0.33199,0,0,0,0,0,0
10.139,63,1.6793,3,0.55978,0.043458,0.0093762,0.034082,0.0052232,0.0087035,0.012604,0.0087035,-0.015057,4.5803,0.20547,1,1,1,1,0,0.58114
11.3035,78,0.43067,3,0.14356,0.0047219,0.0093411,-0.0046192,0.0052044,0.0086658,0.012546,0.0086658,-0.014966,4.5697,0.18613,0,0,0,0,0,0
11.7969,93,0,3,0,0,0.0093051,-0.0093051,0.0051841,0.0086262,0.012484,0.0086262,-0.014873,4.5593,0.22893,0,0,0,0,0,0
12.113,108,0,3,0,0,0.0092674,-0.0092674,0.0051623,0.0085846,0.012421,0.0085846,-0.01478,4.5491,0.28144,0,0,0,0,0,0
12.433,123,0.14867,3,0.049556,0.0010709,0.0092276,-0.0081567,0.0051389,0.008541,0.012354,0.008541,-0.014686,4.5392,0.15057,0,0,0,0,0,0
12.7572,138,1,3,0.33333,0.0070488,0.0091854,-0.0021366,0.0051138,0.0084952,0.012285,0.0084952,-0.01459,4.5295,0.27013,0,0,0,0,0,0
13.0744,153,1,3,0.33333,0.0072251,0.0091406,-0.0019155,0.0050873,0.0084475,0.012214,0.0084475,-0.014493,4.5199,0.32674,0,0,0,0,0,0
13.3995,168,1,3,0.33333,0.0070947,0.0090937,-0.001999,0.0050594,0.0083981,0.01214,0.0083981,-0.014396,4.5105,0.26364,0,0,0,0,0,0
13.7187,183,1,3,0.33333,0.0071539,0.0090449,-0.0018909,0.0050306,0.0083475,0.012065,0.0083475,-0.014297,4.5013,0.46384,0,0,0,0,0,0
14.0407,198,1.7147,3,0.57156,0.012295,0.008995,0.0033002,0.0050013,0.0082962,0.011989,0.0082962,-0.014198,4.4921,0.4971,0,0,0,0,0,0
14.3633,213,2.6813,3,0.89378,0.018979,0.0089453,0.010034,0.0049723,0.0082451,0.011914,0.0082451,-0.014099,4.4829,0.44076,1,1,0,1,0,0.026835
14.6819,228,1,3,0.33333,0.0072343,0.0088973,-0.001663,0.0049444,0.0081954,0.01184,0.0081954,-0.014,4.4735,0.389,0,0,0,0,0,0
15.0074,243,1,3,0.33333,0.0070597,0.0088531,-0.0017934,0.0049189,0.0081487,0.011769,0.0081487,-0.013902,4.4638,0.44547,0,0,0,0,0,0
15.3251,258,1,3,0.33333,0.0071218,0.0088158,-0.001694,0.0048979,0.0081074,0.011705,0.0081074,-0.013805,4.4535,0.54984,0,0,0,0,0,0
15.6456,273,0.32467,3,0.10822,0.0023204,0.0087906,-0.0064703,0.0048839,0.0080749,0.011652,0.0080749,-0.013711,4.4424,0.59814,0,0,0,0,0,0
15.9672,288,0,3,0,0,0.0087856,-0.0087856,0.0048813,0.0080564,0.011615,0.0080564,-0.013621,4.4301,0.63676,0,0,0,0,0,0
16.2886,303,2.056,3,0.68533,0.014694,0.0088121,0.0058821,0.0048955,0.0080585,0.011604,0.0080585,-0.013536,4.4161,0.5535,0,0,0,0,0,0
16.6102,318,4.304,3,1.4347,0.03076,0.0088778,0.021883,0.0049301,0.0080855,0.011622,0.0080855,-0.013457,4.4005,0.57603,0,0,0,0,0,0
16.9318,333,4.576,3,1.5253,0.032726,0.0089146,0.023812,0.0049613,0.0081059,0.011631,0.0081059,-0.013363,4.4053,0.025528,0,0,0,0,0,0
17.2536,348,4.298,3,1.4327,0.030718,0.0089487,0.021769,0.0049958,0.0081305,0.011644,0.0081305,-0.013271,4.4184,0.25123,1,1,1,1,0,0.7334
17.5753,363,1.0867,3,0.36222,0.0077694,0.0089807,-0.0012113,0.0050313,0.0081566,0.01166,0.0081566,-0.01318,4.4407,0.25211,0,0,0,0,0,0
17.897,378,0,3,0,0,0.0090101,-0.0090101,0.0050664,0.0081826,0.011676,0.0081826,-0.013092,4.4725,0.20073,0,0,0,0,0,0
18.2187,393,0,3,0,0,0.009034,-0.009034,0.0051,0.0082075,0.011691,0.0082075,-0.013008,4.5141,0.22302,0,0,0,0,0,0
18.5406,408,0.34933,3,0.11644,0.0024988,0.0090493,-0.0065505,0.0051313,0.0082303,0.011704,0.0082303,-0.012927,4.5659,0.20285,0,0,0,0,0,0
18.8624,423,2.1453,3,0.71511,0.015346,0.0090509,0.0062948,0.0051597,0.0082504,0.011715,0.0082504,-0.01285,4.6277,0.54678,0,0,0,0,0,0
19.1843,438,2.96,3,0.98667,0.021187,0.0090326,0.012155,0.0051848,0.0082672,0.011722,0.0082672,-0.012777,4.6996,0.29133,1,1,1,1,0,0.058311
19.5064,453,1,3,0.33333,0.0071546,0.0089902,-0.0018356,0.0052066,0.008281,0.011727,0.008281,-0.012708,4.7813,0.16552,0,0,0,0,0,0
19.8284,468,0.53267,3,0.17756,0.0038135,0.008923,-0.0051095,0.0052255,0.008292,0.011729,0.008292,-0.012644,4.8719,0.17643,0,0,0,0,0,0
20.1506,483,0,3,0,0,0.0088335,-0.0088335,0.0052421,0.0083009,0.01173,0.0083009,-0.012582,4.9705,0.23267,0,0,0,0,0,0
20.4727,498,1.0547,3,0.35156,0.0075506,0.0087258,-0.0011753,0.0052574,0.0083089,0.011729,0.0083089,-0.012525,5.0761,0.14513,0,0,0,0,0,0
20.7949,513,1.6367,3,0.54556,0.011721,0.0086046,0.0031163,0.0052724,0.0083172,0.01173,0.0083172,-0.01247,5.1878,0.29382,0,0,0,0,0,0
21.1172,528,1.588,3,0.52933,0.011379,0.008475,0.0029036,0.0052882,0.0083269,0.011733,0.0083269,-0.012419,5.3049,0.26507,0,0,0,0,0,0
21.4396,543,0.412,3,0.13733,0.0029521,0.0083421,-0.00539,0.0053062,0.0083397,0.01174,0.0083397,-0.012371,5.4273,0.30535,0,0,0,0,0,0
21.762,558,1.524,3,0.508,0.01092,0.0082109,0.0027092,0.0053277,0.0083572,0.011753,0.0083572,-0.012326,5.5548,0.2696,0,0,0,0,0,0
22.0845,573,1.54,2.5133,0.51333,0.011039,0.0080853,0.002954,0.0053537,0.0083807,0.011774,0.0083807,-0.012285,5.6874,0.62862,0,0,0,0,0,0
22.4071,588,2.136,2.712,0.712,0.015309,0.007968,0.007341,0.0053851,0.0084112,0.011803,0.0084112,-0.012249,5.8253,0.35014,0,0,0,0,0,0
22.7296,603,1.1267,3,0.37556,0.0080795,0.0079183,0.00016116,0.0054225,0.0084495,0.011842,0.0084495,-0.012216,5.9686,0.67401,0,0,0,0,0,0
23.0523,618,0.61267,3,0.20422,0.0043952,0.0078438,-0.0034485,0.0054659,0.0084957,0.011892,0.0084957,-0.012189,6.1172,0.71832,0,0,0,0,0,0
23.3751,633,0.61333,3,0.20444,0.0044023,0.0077877,-0.0033854,0.0055153,0.0085498,0.011951,0.0085498,-0.012168,6.2713,0.83414,0,0,0,0,0,0
23.6981,648,0.93533,3,0.31178,0.0067095,0.0077531,-0.0010436,0.0055698,0.008611,0.01202,0.008611,-0.012152,6.4304,0.85719,0,0,0,0,0,0
24.0209,663,0.58267,3,0.19422,0.0041848,0.0077409,-0.0035562,0.0056286,0.0086783,0.012097,0.0086783,-0.012143,6.5939,0.86394,0,0,0,0,0,0
24.3441,678,0.96533,3,0.32178,0.006932,0.0077493,-0.00081731,0.00569,0.0087498,0.01218,0.0087498,-0.01214,6.7609,0.87309,0,0,0,0,0,0
24.6672,693,1.488,3,0.496,0.010683,0.0077716,0.0029112,0.005754,0.0088259,0.012269,0.0088259,-0.012147,6.9297,0.86515,0,0,0,0,0,0
24.9903,708,2.378,3,0.79267,0.017094,0.0077967,0.0092975,0.0058263,0.0089143,0.012376,0.0089143,-0.012168,7.098,0.72785,1,1,0,1,0,0.0057486
25.3138,723,0.424,3,0.14133,0.0030471,0.0078129,-0.0047658,0.0059099,0.0090192,0.012504,0.0090192,-0.012208,7.2635,0.65726,0,0,0,0,0,0
25.6372,738,0.34867,3,0.11622,0.002507,0.0078104,-0.0053035,0.0060064,0.0091427,0.012658,0.0091427,-0.012269,7.4238,0.80994,0,0,0,0,0,0
25.9607,753,0.87867,3,0.29289,0.0063177,0.0077856,-0.0014679,0.0061154,0.0092845,0.012837,0.0092845,-0.012351,7.5766,0.73441,0,0,0,0,0,0
26.2843,768,1,3,0.33333,0.0071922,0.0077398,-0.00054762,0.0062348,0.0094418,0.013037,0.0094418,-0.012453,7.72,0.67139,0,0,0,0,0,0
26.6079,783,1,3,0.33333,0.0071963,0.007677,-0.00048073,0.0063614,0.0096106,0.013253,0.0096106,-0.012572,7.8518,0.72731,0,0,0,0,0,0
26.9318,798,0.21067,2.982,0.070222,0.001517,0.0076045,-0.0060874,0.0064938,0.0097886,0.013482,0.0097886,-0.012706,7.9701,0.77666,0,0,0,0,0,0
27.2558,813,0.246,2,0.123,0.002656,0.0075313,-0.0048753,0.0066385,0.0099844,0.013735,0.0099844,-0.012859,8.0726,0.76214,0,0,0,0,0,0
27.5797,828,0.52533,2,0.26267,0.0056779,0.007465,-0.0017871,0.0068066,0.010212,0.014029,0.010212,-0.013036,8.1575,0.75895,0,0,0,0,0,0
27.904,843,1.408,2.704,0.46933,0.010144,0.0074286,0.0027151,0.0070038,0.010478,0.014372,0.010478,-0.01324,8.2235,0.63951,0,0,0,0,0,0
28.2282,858,0.45867,3,0.15289,0.0033067,0.0074535,-0.0041468,0.0072305,0.010783,0.014765,0.010783,-0.013469,8.2706,0.78387,0,0,0,0,0,0
28.5526,873,2.392,3,0.79733,0.017252,0.0074702,0.0097822,0.0074832,0.011122,0.015201,0.011122,-0.013721,8.2993,0.748,0,0,0,0,0,0
28.8772,888,1.136,3,0.37867,0.0081936,0.0075084,0.0006852,0.0077566,0.011488,0.015671,0.011488,-0.013989,8.3107,0.6723,0,0,0,0,0,0
29.2017,903,1.6207,3,0.54022,0.011701,0.0075726,0.0041284,0.0080446,0.011874,0.016166,0.011874,-0.01427,8.306,0.63549,0,0,0,0,0,0
29.5266,918,1.312,3,0.43733,0.0094686,0.0076663,0.0018024,0.0083409,0.012271,0.016675,0.012271,-0.014558,8.2867,0.66868,0,0,0,0,0,0
29.8514,933,0.91467,3,0.30489,0.0066082,0.0077909,-0.0011828,0.0086395,0.01267,0.017189,0.01267,-0.01485,8.2546,0.70961,0,0,0,0,0,0
30.1765,948,4.6387,3,1.5462,0.033526,0.0079447,0.025581,0.0089342,0.013066,0.017696,0.013066,-0.01514,8.2114,0.73062,0,0,0,0,0,0
30.5017,963,5.71,3,1.9033,0.041269,0.0081248,0.033144,0.009219,0.013448,0.018189,0.013448,-0.015426,8.1586,0.75136,0,0,0,0,0,0
30.827,978,10.808,3,3.6027,0.078147,0.0083242,0.069823,0.0094887,0.013812,0.018659,0.013812,-0.015706,8.0975,0.74979,0,0,0,0,0,0
31.1523,993,11.2,3,3.7333,0.081019,0.0085313,0.072487,0.0097396,0.014153,0.019099,0.014153,-0.015976,8.0291,0.70487,1,1,1,1,0,2.638
31.4779,1008,0.68,3,0.22667,0.004923,0.0087318,-0.0038088,0.0099701,0.014468,0.019509,0.014468,-0.016238,7.9538,0.85907,0,0,0,0,0,0
31.8036,1023,0.39733,3,0.13244,0.0028767,0.0089121,-0.0060354,0.01018,0.014757,0.019888,0.014757,-0.016492,7.8722,0.83865,0,0,0,0,0,0
32.1295,1038,0.37,3,0.12333,0.0026803,0.0090642,-0.0063839,0.010369,0.015021,0.020235,0.015021,-0.016738,7.7848,0.84555,0,0,0,0,0,0
32.4554,1053,0,2.52,0,0,0.0091886,-0.0091886,0.010538,0.01526,0.020552,0.01526,-0.016977,7.6924,2.81E-05,0,0,0,0,0,0
32.7815,1068,0,2.3307,0,0,0.0092923,-0.0092923,0.010687,0.015475,0.020841,0.015475,-0.017209,7.5956,0.82866,0,0,0,0,0,0
33.1079,1083,0.56467,3,0.18822,0.0040974,0.009385,-0.0052876,0.010816,0.015663,0.021097,0.015663,-0.017433,7.4954,0.8212,0,0,0,0,0,0
33.4345,1098,0.26867,3,0.089556,0.0019503,0.0094764,-0.0075262,0.010922,0.015824,0.02132,0.015824,-0.017647,7.3928,0.79227,0,0,0,0,0,0
33.7611,1113,1.4627,3,0.48756,0.01062,0.0095723,0.0010477,0.011006,0.015957,0.021508,0.015957,-0.017849,7.2882,0.83365,0,0,0,0,0,0
34.0878,1128,1.008,3,0.336,0.0073235,0.0096734,-0.00235,0.011069,0.016064,0.021663,0.016064,-0.018038,7.1819,0.95741,0,0,0,0,0,0
34.4148,1143,0.52133,3,0.17378,0.0037901,0.0097781,-0.005988,0.011114,0.016147,0.021788,0.016147,-0.018213,7.074,0.96574,0,0,0,0,0,0
34.7419,1158,2.032,3,0.67733,0.014779,0.0098842,0.0048946,0.011144,0.016209,0.021887,0.016209,-0.018374,6.9648,0.00041739,0,0,0,0,0,0
35.0692,1173,3.312,3,1.104,0.024105,0.0099893,0.014115,0.011161,0.016255,0.021965,0.016255,-0.018522,6.8548,0.00048239,0,0,0,0,0,0
35.3967,1188,6.162,3,2.054,0.044874,0.010091,0.034783,0.011167,0.016285,0.022022,0.016285,-0.018656,6.7449,0.91847,1,1,1,1,0,0.27747
35.7244,1203,1.658,3,0.55267,0.012079,0.010188,0.0018909,0.01116,0.016296,0.022054,0.016296,-0.018772,6.6366,0.8749,0,0,0,0,0,0
36.0523,1218,6,3,2,0.04376,0.010284,0.033476,0.011137,0.016286,0.022058,0.016286,-0.018869,6.5311,0.81727,0,0,0,0,0,0
36.3805,1233,7.908,3,2.636,0.057706,0.010385,0.04732,0.011096,0.016251,0.02203,0.016251,-0.018944,6.43,0.76342,0,0,0,0,0,0
36.7088,1248,13.564,3,4.5213,0.099064,0.010499,0.088565,0.011035,0.016189,0.021966,0.016189,-0.018997,6.3344,0.68813,0,0,0,0,0,0
37.0375,1263,9,3,3,0.065789,0.010628,0.055161,0.010954,0.016099,0.021865,0.016099,-0.019027,6.2451,0.59597,0,0,0,0,0,0
37.3664,1278,4.842,2.703,1.6932,0.03717,0.010772,0.026398,0.010853,0.015981,0.02173,0.015981,-0.019034,6.1628,0.6398,1,1,1,1,0,3.2322
37.6957,1293,1.778,2.9177,0.61462,0.013502,0.010928,0.0025739,0.010734,0.01584,0.021564,0.01584,-0.019022,6.0877,0.37307,0,0,0,0,0,0
38.0253,1308,6.774,3,2.258,0.049632,0.01109,0.038543,0.010598,0.015675,0.021367,0.015675,-0.018991,6.0198,0.46308,1,1,1,1,0,0.34301
38.355,1323,2,3,0.66667,0.014671,0.01125,0.0034215,0.010444,0.015488,0.021141,0.015488,-0.018944,5.9587,0.44846,0,0,0,0,0,0
38.6851,1338,0.53533,3,0.17844,0.0039326,0.011402,-0.0074699,0.010276,0.01528,0.020889,0.01528,-0.018882,5.9033,0.21161,0,0,0,0,0,0
39.0157,1353,2.126,2.8543,0.70867,0.015627,0.011541,0.0040858,0.010095,0.015055,0.020615,0.015055,-0.018811,5.8527,0.28556,0,0,0,0,0,0
39.3464,1368,0.536,2.768,0.17867,0.0039442,0.01166,-0.007716,0.0099059,0.014821,0.02033,0.014821,-0.018734,5.8057,0.30387,0,0,0,0,0,0
39.6776,1383,0.21867,3,0.072889,0.0016109,0.011752,-0.010141,0.0097164,0.014585,0.020043,0.014585,-0.018656,5.761,0.62214,0,0,0,0,0,0
40.0091,1398,0,3,0,0,0.011809,-0.011809,0.0095302,0.014354,0.019762,0.014354,-0.018582,5.718,0.17369,0,0,0,0,0,0
40.341,1413,0,2.4787,0,0,0.011974,-0.011974,0.0093488,0.01413,0.019489,0.01413,-0.018511,5.6764,0.60253,0,0,0,0,0,0
40.6733,1428,1.5387,2.7693,0.51289,0.011375,0.011921,-0.00054544,0.0091723,0.013912,0.019224,0.013912,-0.018445,5.636,0.78354,0,0,0,0,0,0
41.006,1443,3.0693,3,1.0231,0.022726,0.011816,0.01091,0.0090006,0.013699,0.018966,0.013699,-0.018381,5.5966,0.90849,0,0,0,0,0,0
41.3392,1458,4.446,3,1.482,0.032963,0.011669,0.021293,0.0088402,0.013502,0.018727,0.013502,-0.018324,5.5572,0.56906,0,1,1,1,0,0.11687
41.6728,1473,3.02,3,1.0067,0.022406,0.011492,0.010914,0.0086982,0.013328,0.018517,0.013328,-0.018279,5.5171,0.6327,0,0,0,0,0,0
42.0067,1488,3.7273,3,1.2424,0.027715,0.011297,0.016418,0.0085797,0.013184,0.018345,0.013184,-0.01825,5.4757,0.64136,1,1,0,1,0,0.048512
42.3413,1503,1.948,3,0.64933,0.014501,0.011097,0.0034041,0.0084884,0.013075,0.018216,0.013075,-0.018239,5.4327,0.6353,0,0,0,0,0,0
42.6763,1518,1.0347,3,0.34489,0.0077111,0.010901,-0.0031902,0.0084249,0.013002,0.018133,0.013002,-0.018247,5.3879,0.71898,0,0,0,0,0,0
43.0116,1533,1.4187,3,0.47289,0.010596,0.010718,-0.00012203,0.0083839,0.012958,0.018085,0.012958,-0.018271,5.3414,0.81037,0,0,0,0,0,0
43.3478,1548,0.54733,3,0.18244,0.0040927,0.010551,-0.0064579,0.0083541,0.012929,0.018057,0.012929,-0.018303,5.2938,0.78606,0,0,0,0,0,0
43.6842,1563,0.258,3,0.086,0.0019316,0.010397,-0.0084658,0.0083279,0.012904,0.018033,0.012904,-0.018338,5.2455,0.76769,0,0,0,0,0,0
44.0212,1578,0.678,3,0.226,0.005087,0.010254,-0.005167,0.008306,0.012885,0.018017,0.012885,-0.018376,5.1963,0.70616,0,0,0,0,0,0
44.3588,1593,0,3,0,0,0.010115,-0.010115,0.0082918,0.012876,0.018014,0.012876,-0.018419,5.1462,0.7103,0,0,0,0,0,0
44.697,1608,2.7407,3,0.91356,0.02063,0.0099803,0.01065,0.0082889,0.012881,0.018028,0.012881,-0.018469,5.0954,0.34538,0,0,0,0,0,0
45.0357,1623,3.16,3,1.0533,0.023825,0.0098508,0.013975,0.0083002,0.012904,0.018065,0.012904,-0.018528,5.0444,0.16941,0,0,0,0,0,0
45.375,1638,3.16,3,1.0533,0.023866,0.009729,0.014137,0.0083276,0.012948,0.018126,0.012948,-0.018594,4.9941,0.27518,1,1,0,1,0,0.036165
45.7149,1653,1.4133,3,0.47111,0.010699,0.0096265,0.001072,0.0083716,0.013012,0.018213,0.013012,-0.018667,4.9453,0.90582,0,0,0,0,0,0
46.0555,1668,0.57,3,0.19,0.0043238,0.0095117,-0.0051879,0.0084317,0.013096,0.018324,0.013096,-0.018748,4.8987,0.90492,0,0,0,0,0,0
46.3969,1683,0.698,3,0.23267,0.0053009,0.0094032,-0.0041023,0.008507,0.013199,0.018458,0.013199,-0.018833,4.8548,0.4424,0,0,0,0,0,0
46.7386,1698,0.033333,3,0.011111,0.00025377,0.0093013,-0.0090475,0.008596,0.013318,0.018612,0.013318,-0.018923,4.8141,0.71781,0,0,0,0,0,0
47.0812,1713,0.508,3,0.16933,0.0038749,0.0092086,-0.0053337,0.0086967,0.013452,0.018783,0.013452,-0.019015,4.7771,0.14717,0,0,0,0,0,0
47.4245,1728,0.94733,3,0.31578,0.0072356,0.0091283,-0.0018928,0.0088067,0.013597,0.018967,0.013597,-0.019108,4.7438,0.26002,0,0,0,0,0,0
47.7682,1743,0,3,0,0,0.0090659,-0.0090659,0.0089231,0.013749,0.019159,0.013749,-0.0192,4.7145,0.62396,0,0,0,0,0,0
48.1129,1758,0.60267,3,0.20089,0.0046228,0.0090301,-0.0044073,0.0090442,0.013907,0.019357,0.013907,-0.01929,4.6891,0.48435,0,0,0,0,0,0
48.4581,1773,8.284,3,2.7613,0.063688,0.0090317,0.054656,0.0091696,0.014069,0.01956,0.014069,-0.019378,4.6671,0.32448,0,0,1,0,0,0
48.8041,1788,3.392,3,1.1307,0.026135,0.0090772,0.017058,0.0093002,0.014236,0.019769,0.014236,-0.019463,4.6482,0.34395,1,1,0,1,0,0.69455
49.1508,1803,0.714,3,0.238,0.0055114,0.009166,-0.0036545,0.0094378,0.014412,0.019987,0.014412,-0.019547,4.6319,0.78028,0,0,0,0,0,0
49.4981,1818,0.72333,3,0.24111,0.0055982,0.0092905,-0.0036922,0.0095844,0.014597,0.020217,0.014597,-0.019628,4.6176,0.63772,0,0,0,0,0,0
49.8464,1833,2.2373,3,0.74578,0.017346,0.0094364,0.0079092,0.0097409,0.014795,0.020459,0.014795,-0.019708,4.605,0.50281,0,0,0,0,0,0
50.1953,1848,2.0573,3,0.68578,0.015981,0.009588,0.0063934,0.0099076,0.015003,0.020715,0.015003,-0.019787,4.594,0.45394,0,0,0,0,0,0
50.5449,1863,0,3,0,0,0.0097352,-0.0097352,0.010085,0.015224,0.020985,0.015224,-0.019864,4.5846,0.56511,0,0,0,0,0,0
50.8955,1878,0,3,0,0,0.0098733,-0.0098733,0.010272,0.015457,0.021268,0.015457,-0.01994,4.5769,0.68748,0,0,0,0,0,0
51.2465,1893,1.5487,3,0.51622,0.012113,0.010002,0.0021105,0.010469,0.0157,0.021564,0.0157,-0.020015,4.5708,0.4395,0,0,0,0,0,0
51.5984,1908,1.29,3,0.43,0.010114,0.010126,-1.17E-05,0.010675,0.015955,0.021872,0.015955,-0.020088,4.5663,0.6462,0,0,0,0,0,0
51.9513,1923,0,3,0,0,0.010248,-0.010248,0.01089,0.016218,0.022191,0.016218,-0.02016,4.5633,0.2756,0,0,0,0,0,0
52.305,1938,0,3,0,0,0.010375,-0.010375,0.011112,0.01649,0.022519,0.01649,-0.02023,4.5617,0.35266,0,0,0,0,0,0
52.6594,1953,0.74467,3,0.24822,0.0058757,0.010513,-0.0046371,0.011341,0.016771,0.022857,0.016771,-0.020299,4.5614,0.36625,0,0,0,0,0,0
53.0145,1968,1,3,0.33333,0.0079164,0.010667,-0.0027506,0.011576,0.017058,0.023202,0.017058,-0.020366,4.5624,0.36921,0,0,0,0,0,0
53.3707,1983,1,3,0.33333,0.007931,0.010841,-0.0029103,0.011816,0.017349,0.023552,0.017349,-0.02043,4.5651,0.34728,0,0,0,0,0,0
53.7276,1998,3.3653,3,1.1218,0.026751,0.011038,0.015714,0.012056,0.017641,0.023901,0.017641,-0.020489,4.5698,0.3709,0,0,0,0,0,0
54.0853,2013,5.8373,3,1.9458,0.046529,0.01125,0.035279,0.012294,0.017929,0.024245,0.017929,-0.020544,4.5772,0.49466,0,0,1,0,0,0
54.444,2028,4,3,1.3333,0.031959,0.011471,0.020487,0.012527,0.018211,0.024581,0.018211,-0.020593,4.5879,0.49251,1,1,0,1,0,0.31404
54.8036,2043,2.636,3,0.87867,0.02112,0.011695,0.0094246,0.012755,0.018486,0.024909,0.018486,-0.020636,4.6026,0.43965,0,0,0,0,0,0
55.1641,2058,0.238,3,0.079333,0.0019105,0.011916,-0.010006,0.012978,0.018752,0.025225,0.018752,-0.020674,4.6219,0.40452,0,0,0,0,0,0
55.5253,2073,3.414,3,1.138,0.027492,0.012129,0.015363,0.01319,0.019007,0.025527,0.019007,-0.020705,4.6466,0.38158,0,0,0,0,0,0
55.8877,2088,9.6827,3,3.2276,0.078164,0.012328,0.065835,0.01339,0.019246,0.025809,0.019246,-0.020729,4.6771,0.34789,0,0,0,0,0,0
56.251,2103,6.368,3,2.1227,0.051537,0.012515,0.039022,0.013573,0.019462,0.026063,0.019462,-0.020744,4.7138,0.38211,1,1,1,1,0,1.0584
56.6152,2118,3.11,3,1.0367,0.025233,0.012689,0.012544,0.013734,0.019651,0.026284,0.019651,-0.020748,4.7567,0.43308,0,0,0,0,0,0
56.9803,2133,2.158,3,0.71933,0.017557,0.01285,0.0047069,0.013873,0.019813,0.026472,0.019813,-0.020743,4.8057,0.29841,0,0,0,0,0,0
57.3464,2148,0,3,0,0,0.013002,-0.013002,0.013989,0.019946,0.026624,0.019946,-0.020727,4.8604,0.45811,0,0,0,0,0,0
57.7135,2163,0,3,0,0,0.013144,-0.013144,0.01408,0.020048,0.026738,0.020048,-0.020699,4.9211,0.2923,0,0,0,0,0,0
58.0816,2178,0.54333,3,0.18111,0.0044592,0.013272,-0.0088127,0.014145,0.020118,0.026813,0.020118,-0.02066,4.9875,0.50539,0,0,0,0,0,0
58.4509,2193,0.13267,3,0.044222,0.0010914,0.01338,-0.012289,0.014185,0.020157,0.02685,0.020157,-0.020611,5.0592,0.51627,0,0,0,0,0,0
58.8211,2208,0.51733,3,0.17244,0.0042665,0.013464,-0.0091971,0.014204,0.020168,0.026854,0.020168,-0.020551,5.1355,0.36726,0,0,0,0,0,0
59.1923,2223,3.036,3,1.012,0.025125,0.013518,0.011607,0.014204,0.020157,0.026829,0.020157,-0.020482,5.2161,0.5468,0,0,0,0,0,0
59.5647,2238,2.4833,3,0.82778,0.020612,0.013536,0.0070763,0.014188,0.020124,0.026778,0.020124,-0.020404,5.3006,0.56173,0,0,0,0,0,0
59.9382,2253,2.1693,3,0.72311,0.018048,0.013516,0.0045317,0.014157,0.020072,0.026703,0.020072,-0.020315,5.3889,0.61627,0,0,0,0,0,0
60.3126,2268,2.4967,3,0.83222,0.020847,0.013461,0.0073868,0.014113,0.020005,0.026608,0.020005,-0.020217,5.4811,0.60295,0,0,0,0,0,0
60.6883,2283,0.69067,3,0.23022,0.0057836,0.013372,-0.0075885,0.014061,0.019925,0.026497,0.019925,-0.02011,5.5772,0.48685,0,0,0,0,0,0
61.0651,2298,2.47,3,0.82333,0.02074,0.013229,0.0075107,0.014001,0.019835,0.026374,0.019835,-0.019994,5.6771,0.46579,0,0,0,0,0,0
61.443,2313,2.788,3,0.92933,0.023494,0.013063,0.010431,0.013936,0.019738,0.026241,0.019738,-0.01987,5.7809,0.49626,0,0,0,0,0,0
61.8222,2328,0.532,3,0.17733,0.0044941,0.012917,-0.0084224,0.013867,0.019634,0.026098,0.019634,-0.019739,5.8886,0.54187,0,0,0,0,0,0
62.2023,2343,2.53,3,0.84333,0.021449,0.012752,0.0086972,0.013792,0.019523,0.025946,0.019523,-0.019602,5.9997,0.37049,0,0,0,0,0,0
62.5838,2358,2.5653,3,0.85511,0.021817,0.012578,0.0092395,0.013712,0.019405,0.025785,0.019405,-0.01946,6.114,0.41156,0,0,0,0,0,0
62.9665,2373,0.786,3,0.262,0.0067111,0.012399,-0.0056877,0.013627,0.01928,0.025616,0.01928,-0.019312,6.2309,0.39577,0,0,0,0,0,0
63.3508,2388,1.388,3,0.46267,0.011878,0.012219,-0.00034055,0.013537,0.019148,0.025437,0.019148,-0.019161,6.3501,0.53191,0,0,0,0,0,0
63.7359,2403,2.6233,3,0.87444,0.022542,0.012038,0.010504,0.013442,0.01901,0.025252,0.01901,-0.019007,6.471,0.54318,0,0,0,0,0,0
64.1225,2418,0,3,0,0,0.011854,-0.011854,0.013343,0.018867,0.02506,0.018867,-0.01885,6.5932,0.43549,0,0,0,0,0,0
64.5104,2433,0.384,3,0.128,0.0033222,0.011667,-0.0083453,0.01324,0.01872,0.024863,0.01872,-0.018692,6.7161,0.54895,0,0,0,0,0,0
64.8997,2448,0.56733,3,0.18911,0.0049265,0.011479,-0.0065526,0.013135,0.018569,0.024661,0.018569,-0.018532,6.8392,0.63019,0,0,0,0,0,0
65.2904,2463,2.0707,3,0.69022,0.018038,0.011293,0.0067454,0.013027,0.018416,0.024455,0.018416,-0.01837,6.962,0.47628,0,0,0,0,0,0
65.6825,2478,1.1927,3,0.39756,0.01043,0.011116,-0.00068628,0.012917,0.018259,0.024246,0.018259,-0.018207,7.0839,0.45629,0,0,0,0,0,0
66.076,2493,1.4413,3,0.48044,0.012645,0.010953,0.0016919,0.012805,0.018099,0.024032,0.018099,-0.018041,7.2046,0.4653,0,0,0,0,0,0
66.4708,2508,1.926,3,0.642,0.016973,0.010808,0.0061653,0.012691,0.017936,0.023815,0.017936,-0.017873,7.3234,0.48467,0,0,0,0,0,0
66.8673,2523,2.55,3,0.85,0.022559,0.010681,0.011879,0.012574,0.017769,0.023593,0.017769,-0.017703,7.4397,0.55679,0,0,0,0,0,0
67.2654,2538,0.824,3,0.27467,0.0073146,0.010571,-0.0032568,0.012454,0.017599,0.023367,0.017599,-0.017531,7.553,0.66224,0,0,0,0,0,0
67.6649,2553,1.672,3,0.55733,0.014903,0.010479,0.0044245,0.012331,0.017426,0.023136,0.017426,-0.017358,7.6628,0.64797,0,0,0,0,0,0
68.066,2568,1.0853,3,0.36178,0.0097157,0.010402,-0.0006861,0.012205,0.017249,0.022902,0.017249,-0.017185,7.7687,0.65821,0,0,0,0,0,0
68.4688,2583,0.45867,2.3813,0.15289,0.0041221,0.010339,-0.0062165,0.012078,0.01707,0.022666,0.01707,-0.017014,7.8703,0.64109,0,0,0,0,0,0
68.8732,2598,0.52867,3,0.17622,0.0047706,0.010285,-0.0055143,0.011949,0.016891,0.022429,0.016891,-0.016846,7.9674,0.61938,0,0,0,0,0,0
69.2793,2613,1.626,3,0.542,0.014734,0.010237,0.0044973,0.01182,0.016711,0.022194,0.016711,-0.016682,8.06,0.60377,0,0,0,0,0,0
69.6871,2628,0.61,2.882,0.20333,0.0055542,0.010193,-0.0046392,0.011692,0.016534,0.021962,0.016534,-0.016526,8.1479,0.51254,0,0,0,0,0,0
70.0968,2643,0,2.8133,0,0,0.010153,-0.010153,0.011566,0.016361,0.021736,0.016361,-0.016377,8.2313,0.55019,0,0,0,0,0,0
70.5083,2658,0,3,0,0,0.010114,-0.010114,0.011443,0.016194,0.021518,0.016194,-0.016238,8.3102,0.56863,0,0,0,0,0,0
70.9215,2673,7.296,3,2.432,0.067289,0.010077,0.057212,0.011325,0.016033,0.02131,0.016033,-0.01611,8.3846,0.51486,0,0,0,0,0,0
71.3366,2688,8.41,3,2.8033,0.077943,0.010044,0.067899,0.011212,0.01588,0.021113,0.01588,-0.015993,8.4544,0.49759,0,0,0,0,0,0
71.7536,2703,10.8227,3,3.6076,0.1008,0.010019,0.090777,0.011104,0.015736,0.020927,0.015736,-0.015887,8.5194,0.52352,0,0,0,0,0,0
72.1727,2718,6.21,3,2.07,0.0581,0.010004,0.048096,0.011001,0.015599,0.020753,0.015599,-0.015793,8.5792,0.55422,0,0,0,0,0,0
72.5938,2733,7.87,3,2.6233,0.07402,0.0099986,0.064021,0.010905,0.015472,0.020591,0.015472,-0.015709,8.6334,0.55881,1,1,1,1,0,4.7364
73.017,2748,1,3,0.33333,0.009452,0.0099985,-0.00054647,0.010814,0.015353,0.020441,0.015353,-0.015636,8.6813,0.56919,0,0,0,0,0,0
73.4423,2763,0.694,3,0.23133,0.0065912,0.010003,-0.0034115,0.01073,0.015243,0.020303,0.015243,-0.015573,8.7218,0.55041,0,0,0,0,0,0
73.8697,2778,0.722,3,0.24067,0.0068908,0.010009,-0.0031177,0.010651,0.015141,0.020175,0.015141,-0.015518,8.7532,0.5278,0,0,0,0,0,0
74.2992,2793,0.46533,3,0.15511,0.0044678,0.010014,-0.0055462,0.010577,0.015047,0.020057,0.015047,-0.015471,8.774,0.60474,0,0,0,0,0,0
74.7313,2808,1.142,3,0.38067,0.011023,0.01002,0.0010029,0.010508,0.014959,0.019948,0.014959,-0.015431,8.7824,0.45233,0,0,0,0,0,0
75.1656,2823,1.388,3,0.46267,0.013467,0.010027,0.0034407,0.010443,0.014877,0.019847,0.014877,-0.015397,8.7771,0.36069,0,0,0,0,0,0
75.6022,2838,1.564,3,0.52133,0.015266,0.010036,0.0052301,0.010382,0.014801,0.019754,0.014801,-0.015368,8.7571,0.35433,0,0,0,0,0,0
76.0415,2853,4.8907,3,1.6302,0.048007,0.010055,0.037952,0.010325,0.01473,0.019668,0.01473,-0.015343,8.7218,0.29042,0,1,1,1,0,0.34833
76.4832,2868,2.2027,3,0.73422,0.02175,0.010087,0.011663,0.010273,0.014666,0.019589,0.014666,-0.015323,8.6715,0.28739,1,0,0,0,0,0
76.9276,2883,0.71867,3,0.23956,0.0071411,0.010133,-0.0029924,0.010226,0.014607,0.019519,0.014607,-0.015306,8.6065,0.26087,0,0,0,0,0,0
77.3747,2898,1.4447,3,0.48156,0.014447,0.010192,0.004255,0.010184,0.014556,0.019457,0.014556,-0.015294,8.5277,0.25821,0,0,0,0,0,0
77.8247,2913,1.328,3,0.44267,0.013357,0.010256,0.0031006,0.010147,0.014511,0.019403,0.014511,-0.015286,8.4362,0.29781,0,0,0,0,0,0
78.2773,2928,0.51067,3,0.17022,0.0051709,0.01032,-0.0051488,0.010114,0.014473,0.019358,0.014473,-0.015282,8.3333,0.42096,0,0,0,0,0,0
78.733,2943,2.252,3,0.75067,0.022961,0.010372,0.012589,0.010086,0.01444,0.01932,0.01444,-0.015282,8.2204,0.31588,0,0,0,0,0,0
79.1918,2958,1.38,3,0.46,0.014171,0.010406,0.0037653,0.010062,0.014412,0.019288,0.014412,-0.015288,8.0987,0.26137,0,0,0,0,0,0
79.6539,2973,0.20733,2.731,0.069111,0.0021426,0.010416,-0.0082735,0.01004,0.014388,0.019262,0.014388,-0.015299,7.9697,0.22939,0,0,0,0,0,0
80.1189,2988,0.186,3,0.062,0.0019368,0.010401,-0.0084639,0.01002,0.014368,0.019241,0.014368,-0.015317,7.8346,0.29103,0,0,0,0,0,0
80.5875,3003,0.47067,3,0.15689,0.0049358,0.010361,-0.0054254,0.010001,0.014349,0.019224,0.014349,-0.01534,7.6946,0.27034,0,0,0,0,0,0
