cm Top_i (cm),age Top_i (yr BP),char Count_i (#),char Vol_i (cm3),char Con_i (# cm-3),char Acc_i (# cm-2 yr-1),charBkg (# cm-2 yr-1),char Peak (# cm-2 yr-1),thresh 1 (# cm-2 yr-1),thresh 2 (# cm-2 yr-1),thresh 3 (# cm-2 yr-1),thresh FinalPos (# cm-2 yr-1),thresh FinalNeg (# cm-2 yr-1),SNI (index),thresh GOF (p-val),peaks 1,peaks 2,peaks 3,peaks Final,peaks Insig.,peak Mag (# cm-2 peak-1),smPeak Frequ (peaks 1ka-1),smFRIs (yr fire-1),nFRIs (#),mFRI (yr fire-1),mFRI_uCI (yr fire-1),mFRI_lCI (yr fire-1),WBLb (yr),WBLb_uCI (yr),WBLb_lCI (yr),WBLc (unitless),WBLc_uCI (unitless),WBLc_lCI (unitless)
,-51,3.2,1.2,1.0667,0.011852,0.062311,-0.05046,0.038448,0.058405,0.081212,0.058405,-0.096303,4.7578,-999,0,0,0,0,0,0,5.679,166.6819,41,128.4146,103.5366,153.2927,146.7769,118.348,175.8287,1.8916,1.5605,2.4404
0.66667,-36,10,3,3.3333,0.085568,0.061706,0.023863,0.038448,0.058405,0.081212,0.058405,-0.096303,4.7578,-999,0,0,0,0,0,0,5.7288,165.5825,3,545,400,780,614.997,435.8858,790,3.3519,2.5996,Inf
1.0517,-21,18,3,6,0.10345,0.061077,0.042371,0.038448,0.058405,0.081212,0.058405,-0.096303,4.7578,-999,0,0,0,0,0,0,5.7785,164.4832,,,,,,,,,,
1.3103,-6,22.2667,3.5333,6.2133,0.093094,0.060425,0.032669,0.038448,0.058405,0.081212,0.058405,-0.096303,4.7578,-999,0,0,0,0,0,0,5.8281,163.3838,,,,,,,,,,
1.5351,9,34,5,6.8,0.059649,0.059748,-9.8621e-05,0.038448,0.058405,0.081212,0.058405,-0.096303,4.7578,-999,0,0,0,0,0,0,5.8775,162.2844,,,,,,,,,,
1.6667,24,34,5,6.8,0.059649,0.059046,0.00060319,0.038448,0.058405,0.081212,0.058405,-0.096303,4.7578,-999,0,0,0,0,0,0,5.9269,161.185,,,,,,,,,,
1.7982,39,34,5,6.8,0.059649,0.05832,0.0013296,0.038448,0.058405,0.081212,0.058405,-0.096303,4.7578,-999,0,0,0,0,0,0,5.9761,160.11,,,,,,,,,,
1.9298,54,41.9333,5,8.3867,0.1145,0.057569,0.056932,0.038448,0.058405,0.081212,0.058405,-0.096303,4.7578,-999,0,0,0,0,0,0,6.0252,159.0513,,,,,,,,,,
2.1346,69,51,5,10.2,0.19615,0.056796,0.13936,0.038448,0.058405,0.081212,0.058405,-0.096303,4.7578,-999,1,1,1,1,0,1.2143,6.0743,157.9925,,,,,,,,,,
2.4231,84,20.2,5,4.04,0.077692,0.056002,0.021691,0.038448,0.058405,0.081212,0.058405,-0.096303,4.7578,-999,0,0,0,0,0,0,6.1233,156.9337,,,,,,,,,,
2.7115,99,9,5,1.8,0.034615,0.055189,-0.020573,0.038448,0.058405,0.081212,0.058405,-0.096303,4.7578,-999,0,0,0,0,0,0,6.1722,155.8749,,,,,,,,,,
3,114,8,5,1.6,0.030769,0.054359,-0.02359,0.038448,0.058405,0.081212,0.058405,-0.096303,4.7578,-999,0,0,0,0,0,0,6.2212,154.8162,,,,,,,,,,
3.2885,129,7.4667,5,1.4933,0.028718,0.053519,-0.024801,0.038448,0.058405,0.081212,0.058405,-0.096303,4.7578,-999,0,0,0,0,0,0,6.2702,153.7574,,,,,,,,,,
3.5769,144,6,5,1.2,0.023077,0.052672,-0.029595,0.038448,0.058405,0.081212,0.058405,-0.096303,4.7578,-999,0,0,0,0,0,0,6.3192,152.7099,,,,,,,,,,
3.8654,159,5.4667,5,1.0933,0.021474,0.051823,-0.030348,0.038448,0.058405,0.081212,0.058405,-0.096303,4.7578,-999,0,0,0,0,0,0,6.3682,151.6631,,,,,,,,,,
4.16,174,5,5,1,0.02,0.050962,-0.030962,0.038448,0.058405,0.081212,0.058405,-0.096303,4.7578,-999,0,0,0,0,0,0,6.4174,150.6164,,,,,,,,,,
4.46,189,14.5333,5,2.9067,0.056196,0.050033,0.0061628,0.038448,0.058405,0.081212,0.058405,-0.096303,4.7578,-999,0,0,0,0,0,0,6.4666,149.5697,,,,,,,,,,
4.75,204,15.0667,5,3.0133,0.057949,0.048817,0.0091318,0.038448,0.058405,0.081212,0.058405,-0.096303,4.7578,-999,0,0,0,0,0,0,6.5159,148.5229,,,,,,,,,,
5.0385,219,9,5,1.8,0.034615,0.047594,-0.012979,0.038448,0.058405,0.081212,0.058405,-0.096303,4.7578,-999,0,0,0,0,0,0,6.5653,147.4762,,,,,,,,,,
5.3269,234,11.4,5,2.28,0.044548,0.046373,-0.0018255,0.038448,0.058405,0.081212,0.058405,-0.096303,4.7578,-999,0,0,0,0,0,0,6.6147,146.4259,,,,,,,,,,
5.62,249,15,5,3,0.06,0.045158,0.014842,0.038448,0.058405,0.081212,0.058405,-0.096303,4.7578,-999,0,0,0,0,0,0,6.6643,145.3658,,,,,,,,,,
5.92,264,41.4,5,8.28,0.16093,0.04395,0.11698,0.038448,0.058405,0.081212,0.058405,-0.096303,4.7578,-999,0,0,0,0,0,0,6.7139,144.3057,,,,,,,,,,
6.2115,279,51,5,10.2,0.19615,0.04276,0.15339,0.038448,0.058405,0.081212,0.058405,-0.096303,4.7578,-999,1,1,1,1,0,2.457,6.7637,143.2456,,,,,,,,,,
6.5,294,0,5,0,0,0.0416,-0.0416,0.038448,0.058405,0.081212,0.058405,-0.096303,4.7578,-999,0,0,0,0,0,0,6.8135,142.1855,,,,,,,,,,
6.7885,309,2.4,5,0.48,0.0093292,0.040489,-0.031159,0.038448,0.058405,0.081212,0.058405,-0.096303,4.7578,-999,0,0,0,0,0,0,6.8634,141.1254,,,,,,,,,,
7.08,324,9,5,1.8,0.036,0.039447,-0.0034471,0.038448,0.058405,0.081212,0.058405,-0.096303,4.7578,-999,0,0,0,0,0,0,6.9133,140.0652,,,,,,,,,,
7.38,339,5.4,5,1.08,0.0216,0.038495,-0.016895,0.038448,0.058405,0.081212,0.058405,-0.096303,4.7578,-999,0,0,0,0,0,0,6.9632,139.0386,,,,,,,,,,
7.68,354,3,5,0.6,0.012,0.037652,-0.025652,0.038448,0.058405,0.081212,0.058405,-0.096303,4.7578,-999,0,0,0,0,0,0,7.013,138.0342,,,,,,,,,,
7.98,369,8.6,5,1.72,0.033165,0.03694,-0.0037751,0.038448,0.058405,0.081212,0.058405,-0.096303,4.7578,-999,0,0,0,0,0,0,7.0628,137.0299,,,,,,,,,,
8.2692,384,40,5,8,0.15508,0.036374,0.1187,0.038448,0.058405,0.081212,0.058405,-0.096303,4.7578,-999,0,0,0,0,0,0,7.1122,136.0255,,,,,,,,,,
8.56,399,164,5,32.8,0.656,0.035965,0.62003,0.038448,0.058405,0.081212,0.058405,-0.096303,4.7578,-999,0,0,0,0,0,0,7.1613,135.0211,,,,,,,,,,
8.86,414,86.1333,5,17.2267,0.34453,0.035719,0.30881,0.038448,0.058405,0.081212,0.058405,-0.096303,4.7578,-999,1,1,1,1,0,14.8297,7.2096,134.0168,,,,,,,,,,
9.16,429,18,5,3.6,0.072,0.035629,0.036371,0.038448,0.058405,0.081212,0.058405,-0.096303,4.7578,-999,0,0,0,0,0,0,7.2566,133.0124,,,,,,,,,,
9.46,444,6.5333,4.8667,1.3244,0.027304,0.035674,-0.0083697,0.038448,0.058405,0.081212,0.058405,-0.096303,4.7578,-999,0,0,0,0,0,0,7.3019,132.3671,,,,,,,,,,
9.7692,459,1.8,3,0.6,0.011731,0.035821,-0.02409,0.038448,0.058405,0.081212,0.058405,-0.096303,4.7578,-999,0,0,0,0,0,0,7.3472,131.7474,,,,,,,,,,
10.0625,474,0.6,3,0.2,0.0040385,0.036035,-0.031997,0.038448,0.058405,0.081212,0.058405,-0.096303,4.7578,-999,0,0,0,0,0,0,7.3921,131.1277,,,,,,,,,,
10.3654,489,0.53333,3,0.17778,0.0035708,0.036293,-0.032722,0.038448,0.058405,0.081212,0.058405,-0.096303,4.7578,-999,0,0,0,0,0,0,7.4365,130.508,,,,,,,,,,
10.6667,504,1.7333,3,0.57778,0.011358,0.036583,-0.025225,0.038448,0.058405,0.081212,0.058405,-0.096303,4.7578,-999,0,0,0,0,0,0,7.4809,129.8883,,,,,,,,,,
10.9615,519,6.2,3,2.0667,0.042614,0.0369,0.0057142,0.038448,0.058405,0.081212,0.058405,-0.096303,4.7578,-999,0,0,0,0,0,0,7.5253,129.2685,,,,,,,,,,
11.2708,534,22.3333,3,7.4444,0.15191,0.037241,0.11467,0.038448,0.058405,0.081212,0.058405,-0.096303,4.7578,-999,0,0,0,0,0,0,7.5702,128.6613,,,,,,,,,,
11.5769,549,24.2,3,8.0667,0.1603,0.037609,0.12269,0.038448,0.058405,0.081212,0.058405,-0.096303,4.7578,-999,1,1,1,1,0,1.9288,7.6157,128.0885,,,,,,,,,,
11.875,564,3.8,3,1.2667,0.026389,0.038014,-0.011625,0.038448,0.058405,0.081212,0.058405,-0.096303,4.7578,-999,0,0,0,0,0,0,7.6621,127.5156,,,,,,,,,,
12.1875,579,1.4,3,0.46667,0.0097222,0.038466,-0.028744,0.038448,0.058405,0.081212,0.058405,-0.096303,4.7578,-999,0,0,0,0,0,0,7.7096,126.9427,,,,,,,,,,
12.5,594,12.8667,3,4.2889,0.083395,0.038969,0.044426,0.038448,0.058405,0.081212,0.058405,-0.096303,4.7578,-999,0,0,0,0,0,0,7.758,126.3699,,,,,,,,,,
12.7917,609,13.3333,3,4.4444,0.092593,0.039521,0.053071,0.038448,0.058405,0.081212,0.058405,-0.096303,4.7578,-999,0,0,0,0,0,0,7.8075,125.797,,,,,,,,,,
13.1042,624,14.9333,3,4.9778,0.1037,0.040117,0.063587,0.038448,0.058405,0.081212,0.058405,-0.096303,4.7578,-999,1,1,0,1,0,0.077732,7.8582,125.2241,,,,,,,,,,
13.4167,639,6.6667,3,2.2222,0.043685,0.040751,0.0029338,0.038448,0.058405,0.081212,0.058405,-0.096303,4.7578,-999,0,0,0,0,0,0,7.9098,124.6034,,,,,,,,,,
13.7115,654,0.8,3,0.26667,0.0054986,0.041412,-0.035913,0.038448,0.058405,0.081212,0.058405,-0.096303,4.7578,-999,0,0,0,0,0,0,7.9623,123.9508,,,,,,,,,,
14.0208,669,3.4667,3,1.1556,0.024074,0.042082,-0.018008,0.038448,0.058405,0.081212,0.058405,-0.096303,4.7578,-999,0,0,0,0,0,0,8.0155,123.2981,,,,,,,,,,
14.3333,684,2.9333,3,0.97778,0.02037,0.042738,-0.022368,0.038448,0.058405,0.081212,0.058405,-0.096303,4.7578,-999,0,0,0,0,0,0,8.0692,122.6455,,,,,,,,,,
14.6458,699,2.6667,3,0.88889,0.017569,0.043354,-0.025785,0.038448,0.058405,0.081212,0.058405,-0.096303,4.7578,-999,0,0,0,0,0,0,8.1233,121.9928,,,,,,,,,,
14.9423,714,1.2,3,0.4,0.0082051,0.043915,-0.03571,0.038448,0.058405,0.081212,0.058405,-0.096303,4.7578,-999,0,0,0,0,0,0,8.1778,121.3402,,,,,,,,,,
15.25,729,5.8,3,1.9333,0.040278,0.044416,-0.0041381,0.038448,0.058405,0.081212,0.058405,-0.096303,4.7578,-999,0,0,0,0,0,0,8.2328,120.6875,,,,,,,,,,
15.5625,744,12.2,3,4.0667,0.084722,0.044862,0.03986,0.038448,0.058405,0.081212,0.058405,-0.096303,4.7578,-999,0,0,0,0,0,0,8.2885,119.9932,,,,,,,,,,
15.875,759,20.6,3,6.8667,0.14306,0.045264,0.097791,0.038448,0.058405,0.081212,0.058405,-0.096303,4.7578,-999,1,1,1,1,0,0.5908,8.3448,119.2959,,,,,,,,,,
16.1875,774,7,3,2.3333,0.048611,0.045643,0.0029676,0.038448,0.058405,0.081212,0.058405,-0.096303,4.7578,-999,0,0,0,0,0,0,8.4019,118.5986,,,,,,,,,,
16.5,789,8,3,2.6667,0.055556,0.046033,0.0095223,0.038448,0.058405,0.081212,0.058405,-0.096303,4.7578,-999,0,0,0,0,0,0,8.4597,117.9012,,,,,,,,,,
16.8125,804,4,3,1.3333,0.027778,0.046461,-0.018684,0.038448,0.058405,0.081212,0.058405,-0.096303,4.7578,-999,0,0,0,0,0,0,8.5181,117.2039,,,,,,,,,,
17.125,819,5.2,3,1.7333,0.036111,0.046943,-0.010832,0.038448,0.058405,0.081212,0.058405,-0.096303,4.7578,-999,0,0,0,0,0,0,8.577,116.5066,,,,,,,,,,
17.4375,834,2,3,0.66667,0.013034,0.047484,-0.034449,0.038448,0.058405,0.081212,0.058405,-0.096303,4.7578,-999,0,0,0,0,0,0,8.6363,115.8106,,,,,,,,,,
17.7308,849,19.1333,3,6.3778,0.13219,0.048079,0.08411,0.038448,0.058405,0.081212,0.058405,-0.096303,4.7578,-999,0,0,0,0,0,0,8.6958,115.118,,,,,,,,,,
18.0417,864,33.6667,3,11.2222,0.2338,0.048723,0.18507,0.038448,0.058405,0.081212,0.058405,-0.096303,4.7578,-999,0,0,0,0,0,0,8.7555,114.4254,,,,,,,,,,
18.3542,879,23.2667,3,7.7556,0.16157,0.049405,0.11217,0.038448,0.058405,0.081212,0.058405,-0.096303,4.7578,-999,1,1,1,1,0,3.5044,8.8155,113.7328,,,,,,,,,,
18.6667,894,10.1333,3,3.3778,0.07037,0.050121,0.020249,0.038448,0.058405,0.081212,0.058405,-0.096303,4.7578,-999,0,0,0,0,0,0,8.8755,113.0402,,,,,,,,,,
18.9792,909,5.6,3,1.8667,0.038889,0.050867,-0.011978,0.038448,0.058405,0.081212,0.058405,-0.096303,4.7578,-999,0,0,0,0,0,0,8.9354,112.3476,,,,,,,,,,
19.2917,924,7.3333,3,2.4444,0.050926,0.051636,-0.00070973,0.038448,0.058405,0.081212,0.058405,-0.096303,4.7578,-999,0,0,0,0,0,0,8.9952,111.655,,,,,,,,,,
19.6042,939,1.4667,3,0.48889,0.010185,0.052417,-0.042232,0.038448,0.058405,0.081212,0.058405,-0.096303,4.7578,-999,0,0,0,0,0,0,9.0547,110.9844,,,,,,,,,,
19.9167,954,12.7333,3,4.2444,0.088426,0.053198,0.035228,0.038448,0.058405,0.081212,0.058405,-0.096303,4.7578,-999,0,0,0,0,0,0,9.1138,110.3286,,,,,,,,,,
20.2292,969,6.6,3,2.2,0.045833,0.053969,-0.0081358,0.038448,0.058405,0.081212,0.058405,-0.096303,4.7578,-999,0,0,0,0,0,0,9.1723,109.6727,,,,,,,,,,
20.5417,984,19.3333,3,6.4444,0.13426,0.054734,0.079525,0.038448,0.058405,0.081212,0.058405,-0.096303,4.7578,-999,0,0,0,0,0,0,9.2302,109.0168,,,,,,,,,,
20.8542,999,24.2667,3,8.0889,0.16852,0.055497,0.11302,0.038448,0.058405,0.081212,0.058405,-0.096303,4.7578,-999,0,0,0,0,0,0,9.2874,108.3609,,,,,,,,,,
21.1667,1014,36,3,12,0.25,0.056258,0.19374,0.038448,0.058405,0.081212,0.058405,-0.096303,4.7578,-999,1,1,1,1,0,3.5883,9.3439,107.7051,,,,,,,,,,
21.4792,1029,9.6,3,3.2,0.066667,0.057008,0.0096588,0.038448,0.058405,0.081212,0.058405,-0.096303,4.7578,-999,0,0,0,0,0,0,9.3996,107.0492,,,,,,,,,,
21.7917,1044,3,3,1,0.020833,0.057739,-0.036906,0.038448,0.058405,0.081212,0.058405,-0.096303,4.7578,-999,0,0,0,0,0,0,9.4545,106.4038,,,,,,,,,,
22.1042,1059,3.4,3,1.1333,0.023611,0.058437,-0.034826,0.038448,0.058405,0.081212,0.058405,-0.096303,4.7578,-999,0,0,0,0,0,0,9.5084,105.7592,,,,,,,,,,
22.4167,1074,4.9333,3,1.6444,0.032327,0.059085,-0.026758,0.038448,0.058405,0.081212,0.058405,-0.096303,4.7578,-999,0,0,0,0,0,0,9.5613,105.1146,,,,,,,,,,
22.7115,1089,15.4,3,5.1333,0.10585,0.059652,0.046196,0.038448,0.058405,0.081212,0.058405,-0.096303,4.7578,-999,0,0,0,0,0,0,9.6131,104.4699,,,,,,,,,,
23.0208,1104,20.8667,3,6.9556,0.14491,0.060109,0.084798,0.038448,0.058405,0.081212,0.058405,-0.096303,4.7578,-999,1,1,1,1,0,0.3959,9.6636,103.8253,,,,,,,,,,
23.3333,1119,2.6,3,0.86667,0.018056,0.060438,-0.042383,0.038448,0.058405,0.081212,0.058405,-0.096303,4.7578,-999,0,0,0,0,0,0,9.7126,103.1807,,,,,,,,,,
23.6458,1134,1,3,0.33333,0.0069444,0.060634,-0.05369,0.038448,0.058405,0.081212,0.058405,-0.096303,4.7578,-999,0,0,0,0,0,0,9.7598,102.5577,,,,,,,,,,
23.9583,1149,0.33333,3,0.11111,0.0023148,0.060704,-0.058389,0.038448,0.058405,0.081212,0.058405,-0.096303,4.7578,-999,0,0,0,0,0,0,9.8052,101.994,,,,,,,,,,
24.2708,1164,3,3,1,0.020833,0.060665,-0.039831,0.038448,0.058405,0.081212,0.058405,-0.096303,4.7578,-999,0,0,0,0,0,0,9.8486,101.4303,,,,,,,,,,
24.5833,1179,11.4,3,3.8,0.076325,0.060539,0.015786,0.038448,0.058405,0.081212,0.058405,-0.096303,4.7578,-999,0,0,0,0,0,0,9.8899,100.8666,,,,,,,,,,
24.8846,1194,15,3,5,0.10096,0.060356,0.040605,0.038448,0.058405,0.081212,0.058405,-0.096303,4.7578,-999,1,0,0,0,0,0,9.929,100.303,,,,,,,,,,
25.1875,1209,10.2,3,3.4,0.070833,0.060153,0.01068,0.038448,0.058405,0.081212,0.058405,-0.096303,4.7578,-999,0,0,0,0,0,0,9.966,99.7393,,,,,,,,,,
25.5,1224,6.8,3,2.2667,0.047222,0.059969,-0.012747,0.038448,0.058405,0.081212,0.058405,-0.096303,4.7578,-999,0,0,0,0,0,0,10.0007,99.1756,,,,,,,,,,
25.8125,1239,22,3,7.3333,0.14808,0.059832,0.088245,0.038448,0.058405,0.081212,0.058405,-0.096303,4.7578,-999,0,0,0,0,0,0,10.033,98.7092,,,,,,,,,,
26.1154,1254,29.4667,3,9.8222,0.19728,0.059751,0.13753,0.038448,0.058405,0.081212,0.058405,-0.096303,4.7578,-999,1,1,1,1,0,1.7435,10.0628,98.3076,,,,,,,,,,
26.4167,1269,8.4,3,2.8,0.058333,0.059724,-0.0013906,0.038448,0.058405,0.081212,0.058405,-0.096303,4.7578,-999,0,0,0,0,0,0,10.09,97.906,,,,,,,,,,
26.7292,1284,6.2667,2.0667,3.0667,0.063234,0.059746,0.0034873,0.038448,0.058405,0.081212,0.058405,-0.096303,4.7578,-999,0,0,0,0,0,0,10.1146,97.5044,,,,,,,,,,
27.0385,1299,2.2667,2,1.1333,0.022279,0.059808,-0.037529,0.038448,0.058405,0.081212,0.058405,-0.096303,4.7578,-999,0,0,0,0,0,0,10.1368,97.1028,,,,,,,,,,
27.3333,1314,2.5333,2,1.2667,0.026389,0.059892,-0.033503,0.038448,0.058405,0.081212,0.058405,-0.096303,4.7578,-999,0,0,0,0,0,0,10.1565,96.7011,,,,,,,,,,
27.6458,1329,8,2,4,0.07906,0.059977,0.019083,0.038448,0.058405,0.081212,0.058405,-0.096303,4.7578,-999,0,0,0,0,0,0,10.1737,96.2995,,,,,,,,,,
27.9423,1344,11.8,2,5.9,0.12103,0.060035,0.060991,0.038448,0.058405,0.081212,0.058405,-0.096303,4.7578,-999,1,1,0,1,0,0.038792,10.1886,96.0716,,,,,,,,,,
28.25,1359,7.8,2,3.9,0.08,0.060053,0.019947,0.038448,0.058405,0.081212,0.058405,-0.096303,4.7578,-999,0,0,0,0,0,0,10.201,95.856,,,,,,,,,,
28.5577,1374,3.3333,2,1.6667,0.032942,0.060048,-0.027107,0.038448,0.058405,0.081212,0.058405,-0.096303,4.7578,-999,0,0,0,0,0,0,10.2108,95.6404,,,,,,,,,,
28.8542,1389,2.9333,2,1.4667,0.029302,0.060038,-0.030736,0.038448,0.058405,0.081212,0.058405,-0.096303,4.7578,-999,0,0,0,0,0,0,10.2181,95.4249,,,,,,,,,,
29.1538,1404,4.6667,2,2.3333,0.047365,0.060042,-0.012678,0.038448,0.058405,0.081212,0.058405,-0.096303,4.7578,-999,0,0,0,0,0,0,10.2228,95.2093,,,,,,,,,,
29.4583,1419,3.9333,2,1.9667,0.040762,0.060075,-0.019313,0.038448,0.058405,0.081212,0.058405,-0.096303,4.7578,-999,0,0,0,0,0,0,10.2249,94.9937,,,,,,,,,,
29.7692,1434,12.6,2,6.3,0.12317,0.060134,0.063039,0.038448,0.058405,0.081212,0.058405,-0.096303,4.7578,-999,0,0,0,0,0,0,10.2245,94.8386,,,,,,,,,,
30.0625,1449,13.4,2,6.7,0.13529,0.060225,0.075064,0.038448,0.058405,0.081212,0.058405,-0.096303,4.7578,-999,1,1,0,1,0,0.34069,10.2215,94.8497,,,,,,,,,,
30.3654,1464,5.5333,2,2.7667,0.053205,0.060397,-0.0071916,0.038448,0.058405,0.081212,0.058405,-0.096303,4.7578,-999,0,0,0,0,0,0,10.2161,94.8609,,,,,,,,,,
30.6538,1479,5.3333,2,2.6667,0.054131,0.060727,-0.0065964,0.038448,0.058405,0.081212,0.058405,-0.096303,4.7578,-999,0,0,0,0,0,0,10.2083,94.872,,,,,,,,,,
30.9583,1494,20.6,2,10.3,0.20028,0.061281,0.139,0.038448,0.058405,0.081212,0.058405,-0.096303,4.7578,-999,0,0,0,0,0,0,10.1982,94.8831,,,,,,,,,,
31.25,1509,54.4,2,27.2,0.55795,0.062093,0.49586,0.038448,0.058405,0.081212,0.058405,-0.096303,4.7578,-999,1,1,1,1,0,8.2887,10.1858,94.8943,,,,,,,,,,
31.5577,1524,6,2,3,0.057692,0.063178,-0.0054854,0.038448,0.058405,0.081212,0.058405,-0.096303,4.7578,-999,0,0,0,0,0,0,10.1712,94.9054,,,,,,,,,,
31.8462,1539,3.4,2,1.7,0.032692,0.064521,-0.031829,0.038448,0.058405,0.081212,0.058405,-0.096303,4.7578,-999,0,0,0,0,0,0,10.1545,95.0661,,,,,,,,,,
32.1346,1554,2.6,2,1.3,0.02625,0.066074,-0.039824,0.038448,0.058405,0.081212,0.058405,-0.096303,4.7578,-999,0,0,0,0,0,0,10.136,95.3265,,,,,,,,,,
32.4375,1569,2.6,2,1.3,0.025417,0.067747,-0.042331,0.038448,0.058405,0.081212,0.058405,-0.096303,4.7578,-999,0,0,0,0,0,0,10.1157,95.5869,,,,,,,,,,
32.7308,1584,15.2,2,7.6,0.14615,0.069447,0.076707,0.038448,0.058405,0.081212,0.058405,-0.096303,4.7578,-999,1,1,0,1,0,0.27454,10.0939,95.8473,,,,,,,,,,
33.0192,1599,4.2,2,2.1,0.040385,0.071093,-0.030709,0.038448,0.058405,0.081212,0.058405,-0.096303,4.7578,-999,0,0,0,0,0,0,10.0706,96.1078,,,,,,,,,,
33.3077,1614,11.6667,2,5.8333,0.1153,0.072645,0.042651,0.038448,0.058405,0.081212,0.058405,-0.096303,4.7578,-999,0,0,0,0,0,0,10.0459,96.3682,,,,,,,,,,
33.6042,1629,36.2,2,18.1,0.36161,0.074097,0.28752,0.038448,0.058405,0.081212,0.058405,-0.096303,4.7578,-999,0,0,0,0,0,0,10.02,96.6286,,,,,,,,,,
33.9038,1644,20,2,10,0.19231,0.07547,0.11684,0.038448,0.058405,0.081212,0.058405,-0.096303,4.7578,-999,0,0,0,0,0,0,9.9929,97.0574,,,,,,,,,,
34.1923,1659,17.4,2,8.7,0.16731,0.076787,0.090521,0.038448,0.058405,0.081212,0.058405,-0.096303,4.7578,-999,1,1,1,1,0,5.4342,9.9645,97.4981,,,,,,,,,,
34.4808,1674,5.0667,2,2.5333,0.048718,0.078065,-0.029347,0.038448,0.058405,0.081212,0.058405,-0.096303,4.7578,-999,0,0,0,0,0,0,9.9349,97.9389,,,,,,,,,,
34.7692,1689,17.4,2,8.7,0.16731,0.079292,0.088015,0.038448,0.058405,0.081212,0.058405,-0.096303,4.7578,-999,0,0,1,0,0,0,9.904,98.3796,,,,,,,,,,
35.0577,1704,15.6667,2,7.8333,0.15064,0.080429,0.070212,0.038448,0.058405,0.081212,0.058405,-0.096303,4.7578,-999,1,1,0,1,0,0.66269,9.8717,98.8204,,,,,,,,,,
35.3462,1719,5.7333,2,2.8667,0.055128,0.081427,-0.026298,0.038448,0.058405,0.081212,0.058405,-0.096303,4.7578,-999,0,0,0,0,0,0,9.8378,99.2612,,,,,,,,,,
35.6346,1734,3.2,2,1.6,0.030769,0.082242,-0.051473,0.038448,0.058405,0.081212,0.058405,-0.096303,4.7578,-999,0,0,0,0,0,0,9.8021,99.7349,,,,,,,,,,
35.9231,1749,1.8,2,0.9,0.016401,0.082837,-0.066436,0.038448,0.058405,0.081212,0.058405,-0.096303,4.7578,-999,0,0,0,0,0,0,9.7645,100.2991,,,,,,,,,,
36.1964,1764,1,1.2,0.9,0.01706,0.08318,-0.066119,0.038448,0.058405,0.081212,0.058405,-0.096303,4.7578,-999,0,0,0,0,0,0,9.7251,100.8634,,,,,,,,,,
36.4808,1779,5.1333,1.9333,2.6,0.05,0.083254,-0.033254,0.038448,0.058405,0.081212,0.058405,-0.096303,4.7578,-999,0,0,0,0,0,0,9.6841,101.4276,,,,,,,,,,
36.7692,1794,11,2,5.5,0.10577,0.083062,0.022708,0.038448,0.058405,0.081212,0.058405,-0.096303,4.7578,-999,0,0,0,0,0,0,9.6415,101.9919,,,,,,,,,,
37.0577,1809,16.3333,2,8.1667,0.15331,0.082619,0.070693,0.038448,0.058405,0.081212,0.058405,-0.096303,4.7578,-999,0,0,0,0,0,0,9.5975,102.5562,,,,,,,,,,
37.3393,1824,29.4,2,14.7,0.27058,0.081949,0.18863,0.038448,0.058405,0.081212,0.058405,-0.096303,4.7578,-999,0,0,0,0,0,0,9.5521,103.1204,,,,,,,,,,
37.6154,1839,20.7333,2,10.3667,0.19936,0.081084,0.11828,0.038448,0.058405,0.081212,0.058405,-0.096303,4.7578,-999,1,1,1,1,0,3.4405,9.5055,103.7527,,,,,,,,,,
37.9038,1854,4.6667,2,2.3333,0.042735,0.080094,-0.037359,0.038448,0.058405,0.081212,0.058405,-0.096303,4.7578,-999,0,0,0,0,0,0,9.4576,104.4304,,,,,,,,,,
38.1786,1869,12.2667,2,6.1333,0.1157,0.079076,0.036626,0.038448,0.058405,0.081212,0.058405,-0.096303,4.7578,-999,0,0,0,0,0,0,9.4087,105.1081,,,,,,,,,,
38.4615,1884,3,2,1.5,0.02706,0.078134,-0.051073,0.038448,0.058405,0.081212,0.058405,-0.096303,4.7578,-999,0,0,0,0,0,0,9.359,105.7858,,,,,,,,,,
38.7321,1899,2.5333,2,1.2667,0.024243,0.077364,-0.053121,0.038448,0.058405,0.081212,0.058405,-0.096303,4.7578,-999,0,0,0,0,0,0,9.3089,106.4635,,,,,,,,,,
39.0192,1914,11.8,2,5.9,0.11184,0.076825,0.035016,0.038448,0.058405,0.081212,0.058405,-0.096303,4.7578,-999,0,0,0,0,0,0,9.2586,107.1412,,,,,,,,,,
39.3036,1929,17.9333,2,8.9667,0.1634,0.076515,0.086889,0.038448,0.058405,0.081212,0.058405,-0.096303,4.7578,-999,0,0,0,0,0,0,9.2086,107.8189,,,,,,,,,,
39.5769,1944,31.2,2,15.6,0.29143,0.076404,0.21502,0.038448,0.058405,0.081212,0.058405,-0.096303,4.7578,-999,0,0,0,0,0,0,9.1593,108.4954,,,,,,,,,,
39.8571,1959,25,2,12.5,0.22321,0.076462,0.14675,0.038448,0.058405,0.081212,0.058405,-0.096303,4.7578,-999,1,1,1,1,0,4.6487,9.111,109.1718,,,,,,,,,,
40.125,1974,6.3333,2,3.1667,0.058868,0.076653,-0.017786,0.038448,0.058405,0.081212,0.058405,-0.096303,4.7578,-999,0,0,0,0,0,0,9.0642,109.8482,,,,,,,,,,
40.4038,1989,6.6667,2,3.3333,0.06105,0.076943,-0.015892,0.038448,0.058405,0.081212,0.058405,-0.096303,4.7578,-999,0,0,0,0,0,0,9.0191,110.5246,,,,,,,,,,
40.6786,2004,7.2667,2,3.6333,0.068541,0.077305,-0.0087646,0.038448,0.058405,0.081212,0.058405,-0.096303,4.7578,-999,0,0,0,0,0,0,8.9762,111.201,,,,,,,,,,
40.9615,2019,9.6,2,4.8,0.086593,0.07775,0.0088434,0.038448,0.058405,0.081212,0.058405,-0.096303,4.7578,-999,0,0,0,0,0,0,8.9357,111.8774,,,,,,,,,,
41.2321,2034,3.4667,2,1.7333,0.030952,0.07832,-0.047368,0.038448,0.058405,0.081212,0.058405,-0.096303,4.7578,-999,0,0,0,0,0,0,8.8979,112.4852,,,,,,,,,,
41.5,2049,0.066667,1.0667,0.033333,0.00059829,0.079094,-0.078496,0.038448,0.058405,0.081212,0.058405,-0.096303,4.7578,-999,0,0,0,0,0,0,8.8631,112.9043,,,,,,,,,,
41.7692,2064,2,2,1,0.018956,0.080141,-0.061185,0.038448,0.058405,0.081212,0.058405,-0.096303,4.7578,-999,0,0,0,0,0,0,8.8315,113.3234,,,,,,,,,,
42.0536,2079,9.2,2,4.6,0.082143,0.08149,0.0006524,0.038448,0.058405,0.081212,0.058405,-0.096303,4.7578,-999,0,0,0,0,0,0,8.8033,113.7425,,,,,,,,,,
42.3214,2094,24,2,12,0.21429,0.08313,0.13116,0.038448,0.058405,0.081212,0.058405,-0.096303,4.7578,-999,0,0,0,0,0,0,8.7789,114.1616,,,,,,,,,,
42.5893,2109,23.2,2,11.6,0.20714,0.085017,0.12213,0.038448,0.058405,0.081212,0.058405,-0.096303,4.7578,-999,1,1,1,1,0,2.1836,8.7582,114.5808,,,,,,,,,,
42.8571,2124,4.4667,2,2.2333,0.039881,0.087094,-0.047213,0.038448,0.058405,0.081212,0.058405,-0.096303,4.7578,-999,0,0,0,0,0,0,8.7413,114.9999,,,,,,,,,,
43.125,2139,3.9333,2,1.9667,0.035119,0.089318,-0.054199,0.038448,0.058405,0.081212,0.058405,-0.096303,4.7578,-999,0,0,0,0,0,0,8.7284,115.1862,,,,,,,,,,
43.3929,2154,6.6,2,3.3,0.058929,0.091669,-0.03274,0.038448,0.058405,0.081212,0.058405,-0.096303,4.7578,-999,0,0,0,0,0,0,8.7194,115.2175,,,,,,,,,,
43.6607,2169,6.3333,2,3.1667,0.056548,0.094139,-0.037591,0.038448,0.058405,0.081212,0.058405,-0.096303,4.7578,-999,0,0,0,0,0,0,8.7142,115.2488,,,,,,,,,,
43.9286,2184,8.6667,2,4.3333,0.077381,0.096721,-0.01934,0.038448,0.058405,0.081212,0.058405,-0.096303,4.7578,-999,0,0,0,0,0,0,8.7128,115.28,,,,,,,,,,
44.1964,2199,21.2,2,10.6,0.18929,0.099403,0.089883,0.038448,0.058405,0.081212,0.058405,-0.096303,4.7578,-999,0,0,0,0,0,0,8.7149,115.3113,,,,,,,,,,
44.4643,2214,25.7333,2,12.8667,0.22976,0.10217,0.12759,0.038448,0.058405,0.081212,0.058405,-0.096303,4.7578,-999,0,0,0,0,0,0,8.7204,115.3425,,,,,,,,,,
44.7321,2229,58.6667,2,29.3333,0.52381,0.10501,0.4188,0.038448,0.058405,0.081212,0.058405,-0.096303,4.7578,-999,0,0,0,0,0,0,8.7292,115.3738,,,,,,,,,,
45,2244,51.4,1.9333,26.2,0.46786,0.10789,0.35997,0.038448,0.058405,0.081212,0.058405,-0.096303,4.7578,-999,0,0,0,0,0,0,8.741,115.0947,,,,,,,,,,
45.2679,2259,13.5333,1.1333,13.2667,0.2369,0.11078,0.12612,0.038448,0.058405,0.081212,0.058405,-0.096303,4.7578,-999,1,1,1,1,0,15.7766,8.7557,114.7935,,,,,,,,,,
45.5357,2274,4.4,2,2.2,0.039286,0.11364,-0.074359,0.038448,0.058405,0.081212,0.058405,-0.096303,4.7578,-999,0,0,0,0,0,0,8.7731,114.4923,,,,,,,,,,
45.8036,2289,5.4667,2,2.7333,0.047942,0.1164,-0.068457,0.038448,0.058405,0.081212,0.058405,-0.096303,4.7578,-999,0,0,0,0,0,0,8.7929,114.191,,,,,,,,,,
46.0667,2304,3.2,2,1.6,0.027175,0.11894,-0.091762,0.038448,0.058405,0.081212,0.058405,-0.096303,4.7578,-999,0,0,0,0,0,0,8.8149,113.8898,,,,,,,,,,
46.3214,2319,10,2,5,0.089286,0.12115,-0.03186,0.038448,0.058405,0.081212,0.058405,-0.096303,4.7578,-999,0,0,0,0,0,0,8.8387,113.5886,,,,,,,,,,
46.5893,2334,20,2,10,0.17381,0.12294,0.050874,0.038448,0.058405,0.081212,0.058405,-0.096303,4.7578,-999,1,0,0,0,0,0,8.8642,113.2205,,,,,,,,,,
46.85,2349,6.8,2,3.4,0.058286,0.12425,-0.065961,0.038448,0.058405,0.081212,0.058405,-0.096303,4.7578,-999,0,0,0,0,0,0,8.8912,112.6688,,,,,,,,,,
47.1071,2364,14.3333,2,7.1667,0.12798,0.12506,0.0029197,0.038448,0.058405,0.081212,0.058405,-0.096303,4.7578,-999,0,0,0,0,0,0,8.9196,112.1171,,,,,,,,,,
47.375,2379,17.5333,2,8.7667,0.15098,0.12538,0.025604,0.038448,0.058405,0.081212,0.058405,-0.096303,4.7578,-999,0,0,0,0,0,0,8.9492,111.5653,,,,,,,,,,
47.6333,2394,17.4,2,8.7,0.15052,0.12523,0.025293,0.038448,0.058405,0.081212,0.058405,-0.096303,4.7578,-999,0,0,0,0,0,0,8.9799,111.0136,,,,,,,,,,
47.8929,2409,34.4,2,17.2,0.29486,0.12464,0.17021,0.038448,0.058405,0.081212,0.058405,-0.096303,4.7578,-999,0,0,0,0,0,0,9.0115,110.4618,,,,,,,,,,
48.15,2424,34.8,2,17.4,0.30243,0.12365,0.17878,0.038448,0.058405,0.081212,0.058405,-0.096303,4.7578,-999,1,1,1,1,0,3.7149,9.0438,109.9101,,,,,,,,,,
48.4107,2439,18,2,9,0.15357,0.12231,0.031264,0.038448,0.058405,0.081212,0.058405,-0.096303,4.7578,-999,0,0,0,0,0,0,9.0765,109.2725,,,,,,,,,,
48.6667,2454,18.6667,2,9.3333,0.16296,0.12068,0.042283,0.038448,0.058405,0.081212,0.058405,-0.096303,4.7578,-999,0,0,0,0,0,0,9.1096,108.5776,,,,,,,,,,
48.9286,2469,42.5333,2,21.2667,0.3612,0.11884,0.24236,0.038448,0.058405,0.081212,0.058405,-0.096303,4.7578,-999,0,0,0,0,0,0,9.1426,107.8827,,,,,,,,,,
49.1833,2484,51.4667,2,25.7333,0.45135,0.11686,0.3345,0.038448,0.058405,0.081212,0.058405,-0.096303,4.7578,-999,1,1,1,1,0,7.3607,9.1753,107.1878,,,,,,,,,,
49.4464,2499,11.2,2,5.6,0.094667,0.11477,-0.020098,0.038448,0.058405,0.081212,0.058405,-0.096303,4.7578,-999,0,0,0,0,0,0,9.2074,106.4929,,,,,,,,,,
49.7,2514,19.4,2,9.7,0.16167,0.11256,0.049105,0.038448,0.058405,0.081212,0.058405,-0.096303,4.7578,-999,1,0,0,0,0,0,9.2386,105.7981,,,,,,,,,,
49.95,2529,8,2,4,0.066667,0.11025,-0.043578,0.038448,0.058405,0.081212,0.058405,-0.096303,4.7578,-999,0,0,0,0,0,0,9.2686,105.1032,,,,,,,,,,
50.2,2544,2.4,2,1.2,0.021143,0.10784,-0.086693,0.038448,0.058405,0.081212,0.058405,-0.096303,4.7578,-999,0,0,0,0,0,0,9.2972,104.5605,,,,,,,,,,
50.4643,2559,9.8,2,4.9,0.082444,0.10537,-0.022928,0.038448,0.058405,0.081212,0.058405,-0.096303,4.7578,-999,0,0,0,0,0,0,9.3242,104.0286,,,,,,,,,,
50.7167,2574,4.9333,2,2.4667,0.041111,0.10291,-0.061794,0.038448,0.058405,0.081212,0.058405,-0.096303,4.7578,-999,0,0,0,0,0,0,9.3493,103.4967,,,,,,,,,,
50.9667,2589,5.7333,2,2.8667,0.047778,0.10049,-0.052712,0.038448,0.058405,0.081212,0.058405,-0.096303,4.7578,-999,0,0,0,0,0,0,9.3723,102.9649,,,,,,,,,,
51.2167,2604,15.5333,2,7.7667,0.13746,0.098178,0.039279,0.038448,0.058405,0.081212,0.058405,-0.096303,4.7578,-999,0,0,0,0,0,0,9.393,102.433,,,,,,,,,,
51.4821,2619,31,2,15.5,0.25956,0.096014,0.16355,0.038448,0.058405,0.081212,0.058405,-0.096303,4.7578,-999,0,0,0,0,0,0,9.4113,101.9011,,,,,,,,,,
51.7333,2634,41.3333,2,20.6667,0.34444,0.094039,0.25041,0.038448,0.058405,0.081212,0.058405,-0.096303,4.7578,-999,1,1,1,1,0,4.7543,9.4267,101.4536,,,,,,,,,,
51.9833,2649,13.0667,2,6.5333,0.10889,0.092291,0.016598,0.038448,0.058405,0.081212,0.058405,-0.096303,4.7578,-999,0,0,0,0,0,0,9.4392,101.2377,,,,,,,,,,
52.2333,2664,10.0667,2,5.0333,0.083889,0.090792,-0.0069026,0.038448,0.058405,0.081212,0.058405,-0.096303,4.7578,-999,0,0,0,0,0,0,9.4485,101.0219,,,,,,,,,,
52.4833,2679,9.0667,2,4.5333,0.075556,0.08953,-0.013975,0.038448,0.058405,0.081212,0.058405,-0.096303,4.7578,-999,0,0,0,0,0,0,9.4543,100.806,,,,,,,,,,
52.7333,2694,9,2,4.5,0.075,0.088462,-0.013462,0.038448,0.058405,0.081212,0.058405,-0.096303,4.7578,-999,0,0,0,0,0,0,9.4566,100.5902,,,,,,,,,,
52.9833,2709,10.8667,2,5.4333,0.090556,0.087517,0.0030385,0.038448,0.058405,0.081212,0.058405,-0.096303,4.7578,-999,0,0,0,0,0,0,9.4552,100.3743,,,,,,,,,,
53.2333,2724,26.8667,2,13.4333,0.22389,0.086618,0.13727,0.038448,0.058405,0.081212,0.058405,-0.096303,4.7578,-999,1,1,1,1,0,1.183,9.4499,100.1585,,,,,,,,,,
53.4833,2739,1.8667,2,0.93333,0.015556,0.085696,-0.07014,0.038448,0.058405,0.081212,0.058405,-0.096303,4.7578,-999,0,0,0,0,0,0,9.4406,100.1579,,,,,,,,,,
53.7333,2754,9.3333,2,4.6667,0.077778,0.084714,-0.006936,0.038448,0.058405,0.081212,0.058405,-0.096303,4.7578,-999,0,0,0,0,0,0,9.4272,100.3007,,,,,,,,,,
53.9833,2769,9.0667,2,4.5333,0.075556,0.083654,-0.0080984,0.038448,0.058405,0.081212,0.058405,-0.096303,4.7578,-999,0,0,0,0,0,0,9.4098,100.4435,,,,,,,,,,
54.2333,2784,10.8667,2,5.4333,0.085273,0.0825,0.0027736,0.038448,0.058405,0.081212,0.058405,-0.096303,4.7578,-999,0,0,0,0,0,0,9.3884,100.5863,,,,,,,,,,
54.4688,2799,4.0667,2,2.0333,0.033606,0.081234,-0.047628,0.038448,0.058405,0.081212,0.058405,-0.096303,4.7578,-999,0,0,0,0,0,0,9.3632,100.7291,,,,,,,,,,
54.7167,2814,3,2,1.5,0.025,0.079842,-0.054842,0.038448,0.058405,0.081212,0.058405,-0.096303,4.7578,-999,0,0,0,0,0,0,9.3346,100.8719,,,,,,,,,,
54.9667,2829,25.5333,2,12.7667,0.21278,0.078305,0.13447,0.038448,0.058405,0.081212,0.058405,-0.096303,4.7578,-999,0,0,0,0,0,0,9.303,101.0147,,,,,,,,,,
55.2167,2844,29,2,14.5,0.24167,0.076609,0.16506,0.038448,0.058405,0.081212,0.058405,-0.096303,4.7578,-999,1,1,1,1,0,2.9235,9.2686,101.4727,,,,,,,,,,
55.4667,2859,11.6667,2,5.8333,0.091956,0.074759,0.017197,0.038448,0.058405,0.081212,0.058405,-0.096303,4.7578,-999,0,0,0,0,0,0,9.2319,101.9533,,,,,,,,,,
55.7031,2874,2.6,2,1.3,0.021396,0.072776,-0.051381,0.038448,0.058405,0.081212,0.058405,-0.096303,4.7578,-999,0,0,0,0,0,0,9.1932,102.4338,,,,,,,,,,
55.95,2889,22.6,2,11.3,0.18833,0.070677,0.11766,0.038448,0.058405,0.081212,0.058405,-0.096303,4.7578,-999,0,1,1,1,0,0.88877,9.1526,102.9144,,,,,,,,,,
56.2,2904,14.4,2,7.2,0.114,0.068477,0.045523,0.038448,0.058405,0.081212,0.058405,-0.096303,4.7578,-999,0,0,0,0,0,0,9.1102,103.3949,,,,,,,,,,
56.4375,2919,21.2667,2,10.6333,0.17427,0.06619,0.10808,0.038448,0.058405,0.081212,0.058405,-0.096303,4.7578,-999,1,1,1,1,0,0.74511,9.0659,103.8755,,,,,,,,,,
56.6833,2934,8.1333,2,4.0667,0.067778,0.063836,0.0039416,0.038448,0.058405,0.081212,0.058405,-0.096303,4.7578,-999,0,0,0,0,0,0,9.0197,104.4681,,,,,,,,,,
56.9333,2949,3.4667,2,1.7333,0.027565,0.061438,-0.033873,0.038448,0.058405,0.081212,0.058405,-0.096303,4.7578,-999,0,0,0,0,0,0,8.9714,105.3689,,,,,,,,,,
57.1719,2964,2,2,1,0.016319,0.059012,-0.042693,0.038448,0.058405,0.081212,0.058405,-0.096303,4.7578,-999,0,0,0,0,0,0,8.9212,106.2697,,,,,,,,,,
57.4167,2979,5.6667,2,2.8333,0.045255,0.056571,-0.011316,0.038448,0.058405,0.081212,0.058405,-0.096303,4.7578,-999,0,0,0,0,0,0,8.869,107.1706,,,,,,,,,,
57.6563,2994,21.2,2,10.6,0.17225,0.054117,0.11813,0.038448,0.058405,0.081212,0.058405,-0.096303,4.7578,-999,0,0,0,0,0,0,8.8149,108.0714,,,,,,,,,,
57.9,3009,16.8,2,8.4,0.13475,0.051654,0.083096,0.038448,0.058405,0.081212,0.058405,-0.096303,4.7578,-999,1,1,1,1,0,1.3507,8.7588,108.9722,,,,,,,,,,
58.1406,3024,4.8,2,2.4,0.038833,0.049195,-0.010362,0.038448,0.058405,0.081212,0.058405,-0.096303,4.7578,-999,0,0,0,0,0,0,8.7008,109.873,,,,,,,,,,
58.3833,3039,2,2,1,0.016111,0.046766,-0.030655,0.038448,0.058405,0.081212,0.058405,-0.096303,4.7578,-999,0,0,0,0,0,0,8.6407,111.1638,,,,,,,,,,
58.625,3054,4.8,2,2.4,0.038667,0.0444,-0.0057337,0.038448,0.058405,0.081212,0.058405,-0.096303,4.7578,-999,0,0,0,0,0,0,8.5785,112.7147,,,,,,,,,,
58.8667,3069,8,2,4,0.064722,0.042132,0.02259,0.038448,0.058405,0.081212,0.058405,-0.096303,4.7578,-999,0,0,0,0,0,0,8.5141,114.2655,,,,,,,,,,
59.1094,3084,7.6,2,3.8,0.060958,0.039992,0.020966,0.038448,0.058405,0.081212,0.058405,-0.096303,4.7578,-999,0,0,0,0,0,0,8.4474,115.8163,,,,,,,,,,
59.35,3099,19.8,2,9.9,0.16088,0.038,0.12287,0.038448,0.058405,0.081212,0.058405,-0.096303,4.7578,-999,0,0,0,0,0,0,8.3782,117.3671,,,,,,,,,,
59.5938,3114,31,2,15.5,0.24219,0.036166,0.20602,0.038448,0.058405,0.081212,0.058405,-0.096303,4.7578,-999,0,1,1,1,0,3.3934,8.3065,118.918,,,,,,,,,,
59.8281,3129,11.5333,2,5.7667,0.091706,0.034494,0.057212,0.038448,0.058405,0.081212,0.058405,-0.096303,4.7578,-999,1,0,0,0,0,0,8.2322,120.4688,,,,,,,,,,
60.0667,3144,1.7333,2,0.86667,0.014204,0.032994,-0.01879,0.038448,0.058405,0.081212,0.058405,-0.096303,4.7578,-999,0,0,0,0,0,0,8.1552,122.4421,,,,,,,,,,
60.3125,3159,1,2,0.5,0.0078125,0.031663,-0.023851,0.038448,0.058405,0.081212,0.058405,-0.096303,4.7578,-999,0,0,0,0,0,0,8.0752,124.4455,,,,,,,,,,
60.5469,3174,1.1333,2,0.56667,0.0089329,0.03049,-0.021557,0.038448,0.058405,0.081212,0.058405,-0.096303,4.7578,-999,0,0,0,0,0,0,7.9922,126.449,,,,,,,,,,
60.7833,3189,2.2667,2,1.1333,0.018731,0.029449,-0.010717,0.038448,0.058405,0.081212,0.058405,-0.096303,4.7578,-999,0,0,0,0,0,0,7.9061,128.4525,,,,,,,,,,
61.0313,3204,4,2,2,0.03125,0.028514,0.0027362,0.038448,0.058405,0.081212,0.058405,-0.096303,4.7578,-999,0,0,0,0,0,0,7.8172,130.4559,,,,,,,,,,
61.2656,3219,4,2,2,0.03125,0.027664,0.0035859,0.038448,0.058405,0.081212,0.058405,-0.096303,4.7578,-999,0,0,0,0,0,0,7.7254,132.4594,,,,,,,,,,
61.5,3234,0,2,0,0,0.026888,-0.026888,0.038448,0.058405,0.081212,0.058405,-0.096303,4.7578,-999,0,0,0,0,0,0,7.6312,134.4308,,,,,,,,,,
61.7344,3249,1.8667,2,0.93333,0.015491,0.026188,-0.010697,0.038448,0.058405,0.081212,0.058405,-0.096303,4.7578,-999,0,0,0,0,0,0,7.5349,136.3142,,,,,,,,,,
61.9833,3264,1.0667,2,0.53333,0.0083704,0.025563,-0.017192,0.038448,0.058405,0.081212,0.058405,-0.096303,4.7578,-999,0,0,0,0,0,0,7.4371,138.1975,,,,,,,,,,
62.2188,3279,4.4667,2,2.2333,0.034896,0.025015,0.0098812,0.038448,0.058405,0.081212,0.058405,-0.096303,4.7578,-999,0,0,0,0,0,0,7.3386,140.0809,,,,,,,,,,
62.4531,3294,3.4,2,1.7,0.026563,0.024543,0.00202,0.038448,0.058405,0.081212,0.058405,-0.096303,4.7578,-999,0,0,0,0,0,0,7.2399,141.9643,,,,,,,,,,
62.6875,3309,0.8,2,0.4,0.00625,0.024151,-0.017901,0.038448,0.058405,0.081212,0.058405,-0.096303,4.7578,-999,0,0,0,0,0,0,7.1417,143.8476,,,,,,,,,,
62.9219,3324,0,2,0,0,0.023852,-0.023852,0.038448,0.058405,0.081212,0.058405,-0.096303,4.7578,-999,0,0,0,0,0,0,7.0447,145.731,,,,,,,,,,
63.1667,3339,0,2,0,0,0.023672,-0.023672,0.038448,0.058405,0.081212,0.058405,-0.096303,4.7578,-999,0,0,0,0,0,0,6.9493,147.4179,,,,,,,,,,
63.4063,3354,1.2,2,0.6,0.009375,0.023643,-0.014268,0.038448,0.058405,0.081212,0.058405,-0.096303,4.7578,-999,0,0,0,0,0,0,6.856,148.9739,,,,,,,,,,
63.6406,3369,5.7333,2,2.8667,0.044792,0.02381,0.020982,0.038448,0.058405,0.081212,0.058405,-0.096303,4.7578,-999,0,0,0,0,0,0,6.7654,150.5298,,,,,,,,,,
63.875,3384,10.8667,2,5.4333,0.084896,0.024207,0.060689,0.038448,0.058405,0.081212,0.058405,-0.096303,4.7578,-999,0,0,0,0,0,0,6.6776,152.0858,,,,,,,,,,
64.1094,3399,17.4,2,8.7,0.13594,0.024856,0.11108,0.038448,0.058405,0.081212,0.058405,-0.096303,4.7578,-999,0,0,0,0,0,0,6.5932,153.6418,,,,,,,,,,
64.3438,3414,17,2,8.5,0.13281,0.02578,0.10703,0.038448,0.058405,0.081212,0.058405,-0.096303,4.7578,-999,1,1,1,1,0,1.761,6.5125,155.1977,,,,,,,,,,
64.5781,3429,2.4667,2,1.2333,0.019271,0.026999,-0.0077281,0.038448,0.058405,0.081212,0.058405,-0.096303,4.7578,-999,0,0,0,0,0,0,6.4359,156.7537,,,,,,,,,,
64.8125,3444,0.8,2,0.4,0.00625,0.02852,-0.02227,0.038448,0.058405,0.081212,0.058405,-0.096303,4.7578,-999,0,0,0,0,0,0,6.3636,158.0003,,,,,,,,,,
65.0469,3459,0.26667,2,0.13333,0.0020833,0.030334,-0.02825,0.038448,0.058405,0.081212,0.058405,-0.096303,4.7578,-999,0,0,0,0,0,0,6.2958,159.2248,,,,,,,,,,
65.2813,3474,3.2667,2,1.6333,0.025521,0.032413,-0.0068926,0.038448,0.058405,0.081212,0.058405,-0.096303,4.7578,-999,0,0,0,0,0,0,6.2326,160.4493,,,,,,,,,,
65.5156,3489,21,2,10.5,0.16406,0.034717,0.12935,0.038448,0.058405,0.081212,0.058405,-0.096303,4.7578,-999,1,1,1,1,0,1.0641,6.1738,161.6739,,,,,,,,,,
65.75,3504,2,2,1,0.015625,0.037204,-0.021579,0.038448,0.058405,0.081212,0.058405,-0.096303,4.7578,-999,0,0,0,0,0,0,6.1194,162.8984,,,,,,,,,,
65.9844,3519,9.4667,2,4.7333,0.073958,0.039836,0.034123,0.038448,0.058405,0.081212,0.058405,-0.096303,4.7578,-999,0,0,0,0,0,0,6.069,164.1229,,,,,,,,,,
66.2188,3534,2.2,2,1.1,0.017188,0.042576,-0.025388,0.038448,0.058405,0.081212,0.058405,-0.096303,4.7578,-999,0,0,0,0,0,0,6.0224,165.2368,,,,,,,,,,
66.4531,3549,1,2,0.5,0.0074449,0.045384,-0.037939,0.038448,0.058405,0.081212,0.058405,-0.096303,4.7578,-999,0,0,0,0,0,0,5.9791,166.0467,,,,,,,,,,
66.6765,3564,1,2,0.5,0.0076593,0.04822,-0.04056,0.038448,0.058405,0.081212,0.058405,-0.096303,4.7578,-999,0,0,0,0,0,0,5.9387,166.8566,,,,,,,,,,
66.9063,3579,10.6,2,5.3,0.082812,0.051039,0.031773,0.038448,0.058405,0.081212,0.058405,-0.096303,4.7578,-999,0,0,0,0,0,0,5.9008,167.6665,,,,,,,,,,
67.1406,3594,13.8,2,6.9,0.10781,0.053803,0.054009,0.038448,0.058405,0.081212,0.058405,-0.096303,4.7578,-999,1,0,0,0,0,0,5.8652,168.4763,,,,,,,,,,
67.375,3609,7.2667,2,3.6333,0.056771,0.056477,0.00029358,0.038448,0.058405,0.081212,0.058405,-0.096303,4.7578,-999,0,0,0,0,0,0,5.8314,169.2862,,,,,,,,,,
67.6094,3624,3.4,2,1.7,0.026562,0.059031,-0.032469,0.038448,0.058405,0.081212,0.058405,-0.096303,4.7578,-999,0,0,0,0,0,0,5.7995,170.0961,,,,,,,,,,
67.8438,3639,4,2,2,0.030637,0.061442,-0.030805,0.038448,0.058405,0.081212,0.058405,-0.096303,4.7578,-999,0,0,0,0,0,0,5.7695,170.5395,,,,,,,,,,
68.0735,3654,3.6,2,1.8,0.026801,0.063691,-0.03689,0.038448,0.058405,0.081212,0.058405,-0.096303,4.7578,-999,0,0,0,0,0,0,5.7415,170.7385,,,,,,,,,,
68.2969,3669,2.4,2,1.2,0.01875,0.065768,-0.047018,0.038448,0.058405,0.081212,0.058405,-0.096303,4.7578,-999,0,0,0,0,0,0,5.7159,170.9375,,,,,,,,,,
68.5313,3684,5.4,2,2.7,0.042188,0.067666,-0.025479,0.038448,0.058405,0.081212,0.058405,-0.096303,4.7578,-999,0,0,0,0,0,0,5.693,171.1365,,,,,,,,,,
68.7656,3699,11,2,5.5,0.085938,0.069384,0.016554,0.038448,0.058405,0.081212,0.058405,-0.096303,4.7578,-999,0,0,0,0,0,0,5.673,171.3356,,,,,,,,,,
69,3714,15,2,7.5,0.11029,0.070924,0.039371,0.038448,0.058405,0.081212,0.058405,-0.096303,4.7578,-999,0,0,0,0,0,0,5.6562,171.5346,,,,,,,,,,
69.2206,3729,21.0667,2,10.5333,0.16329,0.072296,0.090996,0.038448,0.058405,0.081212,0.058405,-0.096303,4.7578,-999,1,1,1,1,0,0.48887,5.643,171.7336,,,,,,,,,,
69.4531,3744,14,2,7,0.10938,0.073519,0.035856,0.038448,0.058405,0.081212,0.058405,-0.096303,4.7578,-999,0,0,0,0,0,0,5.6336,171.4241,,,,,,,,,,
69.6875,3759,11.2667,2,5.6333,0.084224,0.074616,0.0096077,0.038448,0.058405,0.081212,0.058405,-0.096303,4.7578,-999,0,0,0,0,0,0,5.6281,171.0782,,,,,,,,,,
69.9118,3774,11.6,2,5.8,0.088493,0.075614,0.012879,0.038448,0.058405,0.081212,0.058405,-0.096303,4.7578,-999,0,0,0,0,0,0,5.6267,170.7322,,,,,,,,,,
70.1406,3789,14.1333,2,7.0667,0.11042,0.076531,0.033886,0.038448,0.058405,0.081212,0.058405,-0.096303,4.7578,-999,0,0,0,0,0,0,5.6293,170.3863,,,,,,,,,,
70.375,3804,12.2667,2,6.1333,0.093203,0.077382,0.01582,0.038448,0.058405,0.081212,0.058405,-0.096303,4.7578,-999,0,0,0,0,0,0,5.636,170.0404,,,,,,,,,,
70.6029,3819,9.6667,2,4.8333,0.072559,0.078186,-0.0056266,0.038448,0.058405,0.081212,0.058405,-0.096303,4.7578,-999,0,0,0,0,0,0,5.6466,169.6945,,,,,,,,,,
70.8281,3834,10.0667,1.7333,5.3,0.081513,0.078958,0.0025557,0.038448,0.058405,0.081212,0.058405,-0.096303,4.7578,-999,0,0,0,0,0,0,5.661,169.3003,,,,,,,,,,
71.0588,3849,1.8667,1.1333,1.8,0.026691,0.079721,-0.05303,0.038448,0.058405,0.081212,0.058405,-0.096303,4.7578,-999,0,0,0,0,0,0,5.679,168.7732,,,,,,,,,,
71.2813,3864,1.5333,2,0.76667,0.011979,0.080509,-0.06853,0.038448,0.058405,0.081212,0.058405,-0.096303,4.7578,-999,0,0,0,0,0,0,5.7005,168.2461,,,,,,,,,,
71.5156,3879,9,2,4.5,0.070313,0.081352,-0.01104,0.038448,0.058405,0.081212,0.058405,-0.096303,4.7578,-999,0,0,0,0,0,0,5.7253,167.719,,,,,,,,,,
71.75,3894,24,2,12,0.17647,0.082288,0.094182,0.038448,0.058405,0.081212,0.058405,-0.096303,4.7578,-999,0,0,0,0,0,0,5.753,167.1919,,,,,,,,,,
71.9706,3909,23.1333,2,11.5667,0.17931,0.083349,0.095963,0.038448,0.058405,0.081212,0.058405,-0.096303,4.7578,-999,0,0,0,0,0,0,5.7832,166.6647,,,,,,,,,,
72.2031,3924,23.8,2,11.9,0.17719,0.084558,0.09263,0.038448,0.058405,0.081212,0.058405,-0.096303,4.7578,-999,0,1,1,1,0,1.8285,5.8157,166.1376,,,,,,,,,,
72.4265,3939,17.3333,2,8.6667,0.13276,0.085921,0.04684,0.038448,0.058405,0.081212,0.058405,-0.096303,4.7578,-999,1,0,0,0,0,0,5.8499,165.6007,,,,,,,,,,
72.6563,3954,14.6,2,7.3,0.11004,0.087423,0.022613,0.038448,0.058405,0.081212,0.058405,-0.096303,4.7578,-999,0,0,0,0,0,0,5.8855,165.0573,,,,,,,,,,
72.8824,3969,12.2,2,6.1,0.092322,0.089025,0.0032969,0.038448,0.058405,0.081212,0.058405,-0.096303,4.7578,-999,0,0,0,0,0,0,5.9221,164.5139,,,,,,,,,,
73.1094,3984,8.6,2,4.3,0.065607,0.090674,-0.025067,0.038448,0.058405,0.081212,0.058405,-0.096303,4.7578,-999,0,0,0,0,0,0,5.9591,163.9705,,,,,,,,,,
73.3382,3999,7.2,2,3.6,0.052941,0.092306,-0.039365,0.038448,0.058405,0.081212,0.058405,-0.096303,4.7578,-999,0,0,0,0,0,0,5.9964,163.4272,,,,,,,,,,
73.5588,4014,4.3333,2,2.1667,0.032128,0.093862,-0.061733,0.038448,0.058405,0.081212,0.058405,-0.096303,4.7578,-999,0,0,0,0,0,0,6.0338,162.8838,,,,,,,,,,
73.7813,4029,0.33333,2,0.16667,0.002594,0.095288,-0.092694,0.038448,0.058405,0.081212,0.058405,-0.096303,4.7578,-999,0,0,0,0,0,0,6.0711,162.3404,,,,,,,,,,
74.0147,4044,5,2,2.5,0.036765,0.096548,-0.059783,0.038448,0.058405,0.081212,0.058405,-0.096303,4.7578,-999,0,0,0,0,0,0,6.1084,161.5612,,,,,,,,,,
74.2353,4059,5.9333,2,2.9667,0.046172,0.097623,-0.05145,0.038448,0.058405,0.081212,0.058405,-0.096303,4.7578,-999,0,0,0,0,0,0,6.1454,160.7652,,,,,,,,,,
74.4688,4074,3.4,2,1.7,0.025208,0.098511,-0.073303,0.038448,0.058405,0.081212,0.058405,-0.096303,4.7578,-999,0,0,0,0,0,0,6.1825,159.9692,,,,,,,,,,
74.6912,4089,6.6667,2,3.3333,0.04902,0.09923,-0.050211,0.038448,0.058405,0.081212,0.058405,-0.096303,4.7578,-999,0,0,0,0,0,0,6.2196,159.1731,,,,,,,,,,
74.9118,4104,14,2,7,0.1068,0.099806,0.0069959,0.038448,0.058405,0.081212,0.058405,-0.096303,4.7578,-999,0,0,0,0,0,0,6.257,158.3771,,,,,,,,,,
75.1406,4119,21.2,2,10.6,0.16043,0.10026,0.060165,0.038448,0.058405,0.081212,0.058405,-0.096303,4.7578,-999,0,0,0,0,0,0,6.2952,157.5811,,,,,,,,,,
75.3676,4134,24.8,2,12.4,0.18235,0.10063,0.081726,0.038448,0.058405,0.081212,0.058405,-0.096303,4.7578,-999,0,0,1,0,0,0,6.3343,156.6966,,,,,,,,,,
75.5882,4149,23.0667,2,11.5333,0.17243,0.10092,0.071515,0.038448,0.058405,0.081212,0.058405,-0.096303,4.7578,-999,1,1,0,1,0,0.64928,6.3746,155.5686,,,,,,,,,,
75.8125,4164,14.2,2,7.1,0.10963,0.10115,0.0084818,0.038448,0.058405,0.081212,0.058405,-0.096303,4.7578,-999,0,0,0,0,0,0,6.4164,154.4407,,,,,,,,,,
76.0441,4179,10.8,2,5.4,0.079412,0.10132,-0.021903,0.038448,0.058405,0.081212,0.058405,-0.096303,4.7578,-999,0,0,0,0,0,0,6.4597,153.3127,,,,,,,,,,
76.2647,4194,8,2,4,0.058824,0.10138,-0.042561,0.038448,0.058405,0.081212,0.058405,-0.096303,4.7578,-999,0,0,0,0,0,0,6.5047,152.1847,,,,,,,,,,
76.4853,4209,28.5333,2,14.2667,0.2098,0.10131,0.10849,0.038448,0.058405,0.081212,0.058405,-0.096303,4.7578,-999,0,0,0,0,0,0,6.5512,151.0568,,,,,,,,,,
76.7059,4224,30,2,15,0.23162,0.10105,0.13057,0.038448,0.058405,0.081212,0.058405,-0.096303,4.7578,-999,0,1,1,1,0,1.9561,6.599,149.9288,,,,,,,,,,
76.9375,4239,19.7333,2,9.8667,0.14752,0.10057,0.046944,0.038448,0.058405,0.081212,0.058405,-0.096303,4.7578,-999,1,0,0,0,0,0,6.648,148.6887,,,,,,,,,,
77.1618,4254,7.6,2,3.8,0.055882,0.099895,-0.044013,0.038448,0.058405,0.081212,0.058405,-0.096303,4.7578,-999,0,0,0,0,0,0,6.6978,147.3738,,,,,,,,,,
77.3824,4269,13.6667,2,6.8333,0.10049,0.099047,0.0014432,0.038448,0.058405,0.081212,0.058405,-0.096303,4.7578,-999,0,0,0,0,0,0,6.748,146.059,,,,,,,,,,
77.6029,4284,28,2,14,0.20588,0.098074,0.10781,0.038448,0.058405,0.081212,0.058405,-0.096303,4.7578,-999,0,0,0,0,0,0,6.7981,144.7441,,,,,,,,,,
77.8235,4299,28.8,2,14.4,0.21176,0.097034,0.11473,0.038448,0.058405,0.081212,0.058405,-0.096303,4.7578,-999,0,0,0,0,0,0,6.8477,143.4293,,,,,,,,,,
78.0441,4314,23.6667,2,11.8333,0.17474,0.095985,0.078759,0.038448,0.058405,0.081212,0.058405,-0.096303,4.7578,-999,0,0,0,0,1,2.1434,6.8962,142.1144,,,,,,,,,,
78.2656,4329,19,2,9.5,0.14844,0.094977,0.053461,0.038448,0.058405,0.081212,0.058405,-0.096303,4.7578,-999,0,0,0,0,0,0,6.943,140.7995,,,,,,,,,,
78.5,4344,25,2,12.5,0.18382,0.094037,0.089787,0.038448,0.058405,0.081212,0.058405,-0.096303,4.7578,-999,0,0,0,0,0,0,6.9876,139.5073,,,,,,,,,,
78.7206,4359,25.8667,2,12.9333,0.1902,0.093167,0.097029,0.038448,0.058405,0.081212,0.058405,-0.096303,4.7578,-999,0,1,1,1,0,1.1201,7.0294,138.2167,,,,,,,,,,
78.9412,4374,19.4,2,9.7,0.14265,0.092349,0.050298,0.038448,0.058405,0.081212,0.058405,-0.096303,4.7578,-999,1,0,0,0,0,0,7.0678,136.9262,,,,,,,,,,
79.1618,4389,14.6,2,7.3,0.10735,0.091542,0.015811,0.038448,0.058405,0.081212,0.058405,-0.096303,4.7578,-999,0,0,0,0,0,0,7.1025,135.6356,,,,,,,,,,
79.3824,4404,13,2,6.5,0.095588,0.090693,0.0048953,0.038448,0.058405,0.081212,0.058405,-0.096303,4.7578,-999,0,0,0,0,0,0,7.1331,134.345,,,,,,,,,,
79.6029,4419,9.3333,2,4.6667,0.068627,0.089745,-0.021118,0.038448,0.058405,0.081212,0.058405,-0.096303,4.7578,-999,0,0,0,0,0,0,7.1593,133.0544,,,,,,,,,,
79.8235,4434,1.8,2,0.9,0.013235,0.088657,-0.075422,0.038448,0.058405,0.081212,0.058405,-0.096303,4.7578,-999,0,0,0,0,0,0,7.1808,131.8267,,,,,,,,,,
80.0441,4449,0.93333,2,0.46667,0.0068627,0.087407,-0.080545,0.038448,0.058405,0.081212,0.058405,-0.096303,4.7578,-999,0,0,0,0,0,0,7.1976,130.7719,,,,,,,,,,
80.2647,4464,0,2,0,0,0.086002,-0.086002,0.038448,0.058405,0.081212,0.058405,-0.096303,4.7578,-999,0,0,0,0,0,0,7.2094,129.7171,,,,,,,,,,
80.4853,4479,0,2,0,0,0.084469,-0.084469,0.038448,0.058405,0.081212,0.058405,-0.096303,4.7578,-999,0,0,0,0,0,0,7.2165,128.6623,,,,,,,,,,
80.7059,4494,0.8,2,0.4,0.0058824,0.082845,-0.076962,0.038448,0.058405,0.081212,0.058405,-0.096303,4.7578,-999,0,0,0,0,0,0,7.2188,127.6075,,,,,,,,,,
80.9265,4509,2.3333,2,1.1667,0.017157,0.081173,-0.064016,0.038448,0.058405,0.081212,0.058405,-0.096303,4.7578,-999,0,0,0,0,0,0,7.2166,126.5527,,,,,,,,,,
81.1471,4524,3,2.5333,1.2333,0.018137,0.079497,-0.06136,0.038448,0.058405,0.081212,0.058405,-0.096303,4.7578,-999,0,0,0,0,0,0,7.2101,125.4979,,,,,,,,,,
81.3676,4539,5,3,1.6667,0.02451,0.077859,-0.053349,0.038448,0.058405,0.081212,0.058405,-0.096303,4.7578,-999,0,0,0,0,0,0,7.1997,124.8209,,,,,,,,,,
81.5882,4554,9.0667,2.7333,3.5556,0.052288,0.07629,-0.024003,0.038448,0.058405,0.081212,0.058405,-0.096303,4.7578,-999,0,0,0,0,0,0,7.1856,124.3958,,,,,,,,,,
81.8088,4569,11.7333,2,5.8667,0.086275,0.074811,0.011464,0.038448,0.058405,0.081212,0.058405,-0.096303,4.7578,-999,0,0,0,0,0,0,7.1682,123.9708,,,,,,,,,,
82.0294,4584,10,2,5,0.073529,0.073419,0.00011088,0.038448,0.058405,0.081212,0.058405,-0.096303,4.7578,-999,0,0,0,0,0,0,7.1477,123.5457,,,,,,,,,,
82.25,4599,40,3,13.3333,0.19608,0.072095,0.12398,0.038448,0.058405,0.081212,0.058405,-0.096303,4.7578,-999,0,0,1,0,0,0,7.1243,123.1206,,,,,,,,,,
82.4706,4614,28.7333,3,9.5778,0.14085,0.070809,0.070041,0.038448,0.058405,0.081212,0.058405,-0.096303,4.7578,-999,1,1,0,1,0,1.2354,7.0983,122.6955,,,,,,,,,,
82.6912,4629,9.4,3,3.1333,0.046078,0.069538,-0.023459,0.038448,0.058405,0.081212,0.058405,-0.096303,4.7578,-999,0,0,0,0,0,0,7.0698,122.2704,,,,,,,,,,
82.9118,4644,1.8,3,0.6,0.0088235,0.068279,-0.059455,0.038448,0.058405,0.081212,0.058405,-0.096303,4.7578,-999,0,0,0,0,0,0,7.0388,122.4741,,,,,,,,,,
83.1324,4659,5.6667,3,1.8889,0.027778,0.06705,-0.039272,0.038448,0.058405,0.081212,0.058405,-0.096303,4.7578,-999,0,0,0,0,0,0,7.0055,122.7227,,,,,,,,,,
83.3529,4674,15,3,5,0.073529,0.065886,0.0076434,0.038448,0.058405,0.081212,0.058405,-0.096303,4.7578,-999,0,0,0,0,0,0,6.9699,122.9713,,,,,,,,,,
83.5735,4689,30.6,3,10.2,0.14833,0.064821,0.083512,0.038448,0.058405,0.081212,0.058405,-0.096303,4.7578,-999,0,0,0,0,0,0,6.9322,123.2198,,,,,,,,,,
83.7917,4704,61,3,20.3333,0.28241,0.063887,0.21852,0.038448,0.058405,0.081212,0.058405,-0.096303,4.7578,-999,1,1,1,1,0,2.9636,6.8925,123.4684,,,,,,,,,,
84,4719,10,3,3.3333,0.04902,0.063107,-0.014087,0.038448,0.058405,0.081212,0.058405,-0.096303,4.7578,-999,0,0,0,0,0,0,6.8508,123.717,,,,,,,,,,
84.2206,4734,34.2667,3,11.4222,0.16797,0.062495,0.10548,0.038448,0.058405,0.081212,0.058405,-0.096303,4.7578,-999,0,0,0,0,0,0,6.8073,124.1526,,,,,,,,,,
84.4412,4749,34.3333,3,11.4444,0.1683,0.062052,0.10625,0.038448,0.058405,0.081212,0.058405,-0.096303,4.7578,-999,0,1,1,1,0,1.5187,6.7621,125.1025,,,,,,,,,,
84.6618,4764,22.8,3,7.6,0.11176,0.06176,0.050005,0.038448,0.058405,0.081212,0.058405,-0.096303,4.7578,-999,1,0,0,0,0,0,6.7151,126.0524,,,,,,,,,,
84.8824,4779,17.8667,3,5.9556,0.087582,0.061589,0.025993,0.038448,0.058405,0.081212,0.058405,-0.096303,4.7578,-999,0,0,0,0,0,0,6.6664,127.0023,,,,,,,,,,
85.1029,4794,16.6667,2.6667,6.1111,0.088205,0.061501,0.026704,0.038448,0.058405,0.081212,0.058405,-0.096303,4.7578,-999,0,0,0,0,0,0,6.6159,127.9523,,,,,,,,,,
85.3194,4809,8.8,2.1333,4.3778,0.061279,0.061458,-0.00017838,0.038448,0.058405,0.081212,0.058405,-0.096303,4.7578,-999,0,0,0,0,0,0,6.5637,128.9022,,,,,,,,,,
85.5294,4824,1,3,0.33333,0.004902,0.061422,-0.05652,0.038448,0.058405,0.081212,0.058405,-0.096303,4.7578,-999,0,0,0,0,0,0,6.5098,129.8521,,,,,,,,,,
85.75,4839,11,3,3.6667,0.053922,0.06136,-0.0074382,0.038448,0.058405,0.081212,0.058405,-0.096303,4.7578,-999,0,0,0,0,0,0,6.4543,131.3676,,,,,,,,,,
85.9706,4854,11.8667,3,3.9556,0.05817,0.061246,-0.0030763,0.038448,0.058405,0.081212,0.058405,-0.096303,4.7578,-999,0,0,0,0,0,0,6.3973,133.2601,,,,,,,,,,
86.1912,4869,8.3333,3,2.7778,0.039185,0.061071,-0.021886,0.038448,0.058405,0.081212,0.058405,-0.096303,4.7578,-999,0,0,0,0,0,0,6.3389,135.1526,,,,,,,,,,
86.4028,4884,24.6,3,8.2,0.11746,0.060834,0.056628,0.038448,0.058405,0.081212,0.058405,-0.096303,4.7578,-999,0,0,0,0,0,0,6.2794,137.0452,,,,,,,,,,
86.6176,4899,34.4,3,11.4667,0.16863,0.060537,0.10809,0.038448,0.058405,0.081212,0.058405,-0.096303,4.7578,-999,0,1,1,1,0,0.74529,6.2188,138.9377,,,,,,,,,,
86.8382,4914,22.2667,3,7.4222,0.10915,0.060189,0.048962,0.038448,0.058405,0.081212,0.058405,-0.096303,4.7578,-999,1,0,0,0,0,0,6.1574,140.8302,,,,,,,,,,
87.0588,4929,18.6667,3,6.2222,0.090825,0.059807,0.031018,0.038448,0.058405,0.081212,0.058405,-0.096303,4.7578,-999,0,0,0,0,0,0,6.0953,142.7227,,,,,,,,,,
87.2778,4944,62,3,20.6667,0.28704,0.059403,0.22763,0.038448,0.058405,0.081212,0.058405,-0.096303,4.7578,-999,1,1,1,1,0,2.5384,6.0325,145.6672,,,,,,,,,,
87.4861,4959,12.5333,3,4.1778,0.06121,0.058975,0.0022353,0.038448,0.058405,0.081212,0.058405,-0.096303,4.7578,-999,0,0,0,0,0,0,5.9691,148.6869,,,,,,,,,,
87.7059,4974,3.4,3,1.1333,0.016667,0.058517,-0.04185,0.038448,0.058405,0.081212,0.058405,-0.096303,4.7578,-999,0,0,0,0,0,0,5.905,151.7065,,,,,,,,,,
87.9265,4989,2,3,0.66667,0.0094408,0.058016,-0.048575,0.038448,0.058405,0.081212,0.058405,-0.096303,4.7578,-999,0,0,0,0,0,0,5.84,154.7262,,,,,,,,,,
88.1389,5004,1.0667,3,0.35556,0.0050738,0.057463,-0.052389,0.038448,0.058405,0.081212,0.058405,-0.096303,4.7578,-999,0,0,0,0,0,0,5.774,157.7458,,,,,,,,,,
88.3529,5019,0.66667,2.6667,0.33333,0.004902,0.05685,-0.051948,0.038448,0.058405,0.081212,0.058405,-0.096303,4.7578,-999,0,0,0,0,0,0,5.7066,160.7654,,,,,,,,,,
88.5735,5034,2.4,2.2,1.0667,0.015512,0.056172,-0.04066,0.038448,0.058405,0.081212,0.058405,-0.096303,4.7578,-999,0,0,0,0,0,0,5.6377,164.529,,,,,,,,,,
88.7917,5049,4,3,1.3333,0.018519,0.055432,-0.036913,0.038448,0.058405,0.081212,0.058405,-0.096303,4.7578,-999,0,0,0,0,0,0,5.567,170.3384,,,,,,,,,,
89,5064,7,2,3.5,0.051471,0.054637,-0.0031661,0.038448,0.058405,0.081212,0.058405,-0.096303,4.7578,-999,0,0,0,0,0,0,5.4943,176.1479,,,,,,,,,,
89.2206,5079,0.93333,2.8667,0.46667,0.0065323,0.053802,-0.04727,0.038448,0.058405,0.081212,0.058405,-0.096303,4.7578,-999,0,0,0,0,0,0,5.4194,181.9573,,,,,,,,,,
89.4306,5094,13.3333,3,4.4444,0.064149,0.052949,0.0112,0.038448,0.058405,0.081212,0.058405,-0.096303,4.7578,-999,0,0,0,0,0,0,5.342,187.7667,,,,,,,,,,
89.6471,5109,15.2,3,5.0667,0.07451,0.052099,0.022411,0.038448,0.058405,0.081212,0.058405,-0.096303,4.7578,-999,0,0,0,0,0,0,5.2621,193.5761,,,,,,,,,,
89.8676,5124,13.4,3,4.4667,0.064227,0.051275,0.012952,0.038448,0.058405,0.081212,0.058405,-0.096303,4.7578,-999,0,0,0,0,0,0,5.1795,199.3855,,,,,,,,,,
90.0833,5139,15.4,3,5.1333,0.072135,0.050497,0.021638,0.038448,0.058405,0.081212,0.058405,-0.096303,4.7578,-999,0,0,0,0,0,0,5.0941,205.5109,,,,,,,,,,
90.2941,5154,9.4,3,3.1333,0.045908,0.049781,-0.0038729,0.038448,0.058405,0.081212,0.058405,-0.096303,4.7578,-999,0,0,0,0,0,0,5.0062,211.8469,,,,,,,,,,
90.5139,5169,15,3,5,0.069444,0.04913,0.020315,0.038448,0.058405,0.081212,0.058405,-0.096303,4.7578,-999,0,0,0,0,0,0,4.9158,218.1828,,,,,,,,,,
90.7222,5184,8.9333,3,2.9778,0.043466,0.048543,-0.0050767,0.038448,0.058405,0.081212,0.058405,-0.096303,4.7578,-999,0,0,0,0,0,0,4.823,224.5188,,,,,,,,,,
90.9412,5199,4.3333,3,1.4444,0.021242,0.048016,-0.026774,0.038448,0.058405,0.081212,0.058405,-0.096303,4.7578,-999,0,0,0,0,0,0,4.7282,230.8548,,,,,,,,,,
91.1618,5214,4.8,3,1.6,0.022745,0.047541,-0.024796,0.038448,0.058405,0.081212,0.058405,-0.096303,4.7578,-999,0,0,0,0,0,0,4.6314,237.1908,,,,,,,,,,
91.375,5229,9.2,3,3.0667,0.043595,0.047108,-0.0035136,0.038448,0.058405,0.081212,0.058405,-0.096303,4.7578,-999,0,0,0,0,0,0,4.5331,243.5268,,,,,,,,,,
91.5882,5244,14.8,3,4.9333,0.071474,0.046704,0.02477,0.038448,0.058405,0.081212,0.058405,-0.096303,4.7578,-999,0,0,0,0,0,0,4.4335,249.9839,,,,,,,,,,
91.8056,5259,15.9333,3,5.3111,0.074055,0.046317,0.027738,0.038448,0.058405,0.081212,0.058405,-0.096303,4.7578,-999,0,0,0,0,0,0,4.3331,256.4496,,,,,,,,,,
92.0147,5274,1,3,0.33333,0.004902,0.045944,-0.041042,0.038448,0.058405,0.081212,0.058405,-0.096303,4.7578,-999,0,0,0,0,0,0,4.2321,262.9153,,,,,,,,,,
92.2353,5289,3.8,3,1.2667,0.017662,0.045595,-0.027934,0.038448,0.058405,0.081212,0.058405,-0.096303,4.7578,-999,0,0,0,0,0,0,4.1308,269.381,,,,,,,,,,
92.4444,5304,9.1333,3,3.0444,0.044108,0.045284,-0.0011756,0.038448,0.058405,0.081212,0.058405,-0.096303,4.7578,-999,0,0,0,0,0,0,4.0295,275.8468,,,,,,,,,,
92.6618,5319,25.4,3,8.4667,0.12036,0.045023,0.075336,0.038448,0.058405,0.081212,0.058405,-0.096303,4.7578,-999,0,0,0,0,0,0,3.9284,282.3125,,,,,,,,,,
92.875,5334,31,3,10.3333,0.1469,0.044824,0.10207,0.038448,0.058405,0.081212,0.058405,-0.096303,4.7578,-999,0,1,1,1,0,0.96958,3.8277,288.8332,,,,,,,,,,
93.0882,5349,20.7333,3,6.9111,0.10013,0.044689,0.055439,0.038448,0.058405,0.081212,0.058405,-0.096303,4.7578,-999,1,0,0,0,0,0,3.7276,295.5048,,,,,,,,,,
93.3056,5364,9.6,3,3.2,0.044619,0.044613,5.4072e-06,0.038448,0.058405,0.081212,0.058405,-0.096303,4.7578,-999,0,0,0,0,0,0,3.6283,302.1765,,,,,,,,,,
93.5147,5379,18,3,6,0.088235,0.044571,0.043664,0.038448,0.058405,0.081212,0.058405,-0.096303,4.7578,-999,0,0,0,0,0,0,3.5299,308.8482,,,,,,,,,,
93.7353,5394,18,3,6,0.08366,0.044518,0.039142,0.038448,0.058405,0.081212,0.058405,-0.096303,4.7578,-999,1,0,0,0,0,0,3.4325,315.5199,,,,,,,,,,
93.9444,5409,9.9333,3,3.3111,0.047971,0.044415,0.0035563,0.038448,0.058405,0.081212,0.058405,-0.096303,4.7578,-999,0,0,0,0,0,0,3.3361,322.1916,,,,,,,,,,
94.1618,5424,2.8,3,0.93333,0.013268,0.044227,-0.030959,0.038448,0.058405,0.081212,0.058405,-0.096303,4.7578,-999,0,0,0,0,0,0,3.2409,328.8633,,,,,,,,,,
94.375,5439,0,3,0,0,0.043927,-0.043927,0.038448,0.058405,0.081212,0.058405,-0.096303,4.7578,-999,0,0,0,0,0,0,3.1469,331.8302,,,,,,,,,,
94.5882,5454,0.53333,3,0.17778,0.0025756,0.043495,-0.040919,0.038448,0.058405,0.081212,0.058405,-0.096303,4.7578,-999,0,0,0,0,0,0,3.0544,332.3272,,,,,,,,,,
94.8056,5469,2,3,0.66667,0.0092956,0.042922,-0.033626,0.038448,0.058405,0.081212,0.058405,-0.096303,4.7578,-999,0,0,0,0,0,0,2.9637,332.8243,,,,,,,,,,
95.0147,5484,2,3,0.66667,0.0098039,0.042212,-0.032408,0.038448,0.058405,0.081212,0.058405,-0.096303,4.7578,-999,0,0,0,0,0,0,2.8751,333.3213,,,,,,,,,,
95.2353,5499,1.0667,3,0.35556,0.0049576,0.04138,-0.036423,0.038448,0.058405,0.081212,0.058405,-0.096303,4.7578,-999,0,0,0,0,0,0,2.789,333.8184,,,,,,,,,,
95.4444,5514,1,3,0.33333,0.0048293,0.04045,-0.035621,0.038448,0.058405,0.081212,0.058405,-0.096303,4.7578,-999,0,0,0,0,0,0,2.7057,334.3155,,,,,,,,,,
95.6618,5529,13.6,3,4.5333,0.064444,0.039446,0.024999,0.038448,0.058405,0.081212,0.058405,-0.096303,4.7578,-999,0,0,0,0,0,0,2.6257,334.8125,,,,,,,,,,
95.875,5544,13.6,3,4.5333,0.064444,0.038396,0.026048,0.038448,0.058405,0.081212,0.058405,-0.096303,4.7578,-999,0,0,0,0,0,0,2.5492,335.3096,,,,,,,,,,
96.0882,5559,1.5333,3,0.51111,0.007405,0.037334,-0.029929,0.038448,0.058405,0.081212,0.058405,-0.096303,4.7578,-999,0,0,0,0,0,0,2.4766,335.8066,,,,,,,,,,
96.3056,5574,3.5333,3,1.1778,0.016422,0.036289,-0.019867,0.038448,0.058405,0.081212,0.058405,-0.096303,4.7578,-999,0,0,0,0,0,0,2.408,336.3037,,,,,,,,,,
96.5147,5589,11,3,3.6667,0.053922,0.035284,0.018638,0.038448,0.058405,0.081212,0.058405,-0.096303,4.7578,-999,0,0,0,0,0,0,2.3438,336.8007,,,,,,,,,,
96.7353,5604,43.6667,3,14.5556,0.20295,0.034321,0.16863,0.038448,0.058405,0.081212,0.058405,-0.096303,4.7578,-999,0,0,0,0,0,0,2.2841,337.2978,,,,,,,,,,
96.9444,5619,39.4,3,13.1333,0.19028,0.033396,0.15688,0.038448,0.058405,0.081212,0.058405,-0.096303,4.7578,-999,0,0,0,0,0,0,2.229,337.7949,,,,,,,,,,
97.1618,5634,28,3,9.3333,0.13268,0.032499,0.10018,0.038448,0.058405,0.081212,0.058405,-0.096303,4.7578,-999,0,1,1,1,0,4.2581,2.1785,338.2919,,,,,,,,,,
97.375,5649,15.2,2.6,5.4,0.076765,0.031621,0.045143,0.038448,0.058405,0.081212,0.058405,-0.096303,4.7578,-999,1,0,0,0,0,0,2.1324,338.789,,,,,,,,,,
97.5882,5664,5.5333,2.2667,2.4556,0.035576,0.03076,0.0048159,0.038448,0.058405,0.081212,0.058405,-0.096303,4.7578,-999,0,0,0,0,0,0,2.0906,339.286,,,,,,,,,,
97.8056,5679,6.8667,3,2.2889,0.031915,0.029919,0.0019961,0.038448,0.058405,0.081212,0.058405,-0.096303,4.7578,-999,0,0,0,0,0,0,2.0526,339.7831,,,,,,,,,,
98.0147,5694,5,3,1.6667,0.02451,0.029102,-0.0045922,0.038448,0.058405,0.081212,0.058405,-0.096303,4.7578,-999,0,0,0,0,0,0,2.0182,340.2801,,,,,,,,,,
98.2353,5709,1.2667,3,0.42222,0.0058872,0.028318,-0.022431,0.038448,0.058405,0.081212,0.058405,-0.096303,4.7578,-999,0,0,0,0,0,0,1.987,340.7772,,,,,,,,,,
98.4444,5724,1.7333,3,0.57778,0.0083709,0.027575,-0.019205,0.038448,0.058405,0.081212,0.058405,-0.096303,4.7578,-999,0,0,0,0,0,0,1.9587,341.2742,,,,,,,,,,
98.6618,5739,12.2,3,4.0667,0.05781,0.026881,0.03093,0.038448,0.058405,0.081212,0.058405,-0.096303,4.7578,-999,0,0,0,0,0,0,1.933,341.7713,,,,,,,,,,
98.875,5754,15,2.6,5.6,0.079608,0.026239,0.053369,0.038448,0.058405,0.081212,0.058405,-0.096303,4.7578,-999,0,0,0,0,0,0,1.9096,342.2684,,,,,,,,,,
99.0882,5769,11.4,2.2667,4.9,0.070991,0.025652,0.04534,0.038448,0.058405,0.081212,0.058405,-0.096303,4.7578,-999,0,0,0,0,0,0,1.8883,342.7654,,,,,,,,,,
99.3056,5784,17.1333,3,5.7111,0.079632,0.025116,0.054516,0.038448,0.058405,0.081212,0.058405,-0.096303,4.7578,-999,1,0,0,0,0,0,1.8687,343.2625,,,,,,,,,,
99.5147,5799,5,3,1.6667,0.02451,0.024619,-0.00010935,0.038448,0.058405,0.081212,0.058405,-0.096303,4.7578,-999,0,0,0,0,0,0,1.8507,343.7595,,,,,,,,,,
99.7353,5814,3.1333,3,1.0444,0.014563,0.024141,-0.0095777,0.038448,0.058405,0.081212,0.058405,-0.096303,4.7578,-999,0,0,0,0,0,0,1.8341,344.2566,,,,,,,,,,
99.9444,5829,2.2667,2.2667,1,0.014488,0.023657,-0.0091695,0.038448,0.058405,0.081212,0.058405,-0.096303,4.7578,-999,0,0,0,0,0,0,1.8188,344.7536,,,,,,,,,,
100.1618,5844,2,2,1,0.014216,0.023152,-0.0089366,0.038448,0.058405,0.081212,0.058405,-0.096303,4.7578,-999,0,0,0,0,0,0,1.8043,345.2507,,,,,,,,,,
100.375,5859,4.8,2.4,1.8,0.025588,0.022612,0.002976,0.038448,0.058405,0.081212,0.058405,-0.096303,4.7578,-999,0,0,0,0,0,0,1.7907,345.7477,,,,,,,,,,
100.5882,5874,6.6,3,2.2,0.031874,0.022028,0.0098459,0.038448,0.058405,0.081212,0.058405,-0.096303,4.7578,-999,0,0,0,0,0,0,1.7778,346.2448,,,,,,,,,,
100.8056,5889,0.26667,3,0.088889,0.0012394,0.021396,-0.020157,0.038448,0.058405,0.081212,0.058405,-0.096303,4.7578,-999,0,0,0,0,0,0,1.7654,346.7419,,,,,,,,,,
101.0147,5904,4,3,1.3333,0.019608,0.020717,-0.0011089,0.038448,0.058405,0.081212,0.058405,-0.096303,4.7578,-999,0,0,0,0,0,0,1.7536,347.2389,,,,,,,,,,
101.2353,5919,1.2,3,0.4,0.0055773,0.019993,-0.014416,0.038448,0.058405,0.081212,0.058405,-0.096303,4.7578,-999,0,0,0,0,0,0,1.7426,347.736,,,,,,,,,,
101.4444,5934,3.9333,3,1.3111,0.01821,0.019236,-0.0010265,0.038448,0.058405,0.081212,0.058405,-0.096303,4.7578,-999,0,0,0,0,0,0,1.7323,348.233,,,,,,,,,,
101.6528,5949,7.1333,3,2.3778,0.034061,0.018463,0.015598,0.038448,0.058405,0.081212,0.058405,-0.096303,4.7578,-999,0,0,0,0,0,0,1.7231,348.7301,,,,,,,,,,
101.8676,5964,6.2,2.2,2.6,0.037386,0.017695,0.019691,0.038448,0.058405,0.081212,0.058405,-0.096303,4.7578,-999,0,0,0,0,0,0,1.715,349.2271,,,,,,,,,,
102.0833,5979,1.8,1.4,1.6667,0.02342,0.016957,0.006463,0.038448,0.058405,0.081212,0.058405,-0.096303,4.7578,-999,0,0,0,0,0,0,1.7082,349.7242,,,,,,,,,,
102.2941,5994,1.4,2.9333,0.54444,0.0079769,0.016277,-0.0082997,0.038448,0.058405,0.081212,0.058405,-0.096303,4.7578,-999,0,0,0,0,0,0,1.7027,350.2213,,,,,,,,,,
102.5139,6009,7,2,3.5,0.048611,0.015669,0.032942,0.038448,0.058405,0.081212,0.058405,-0.096303,4.7578,-999,0,0,0,0,0,0,1.6987,350.7183,,,,,,,,,,
102.7222,6024,13.9333,2.8667,4.8,0.070065,0.015141,0.054924,0.038448,0.058405,0.081212,0.058405,-0.096303,4.7578,-999,1,0,0,0,0,0,1.6962,351.2154,,,,,,,,,,
102.9412,6039,6.9333,3,2.3111,0.032602,0.014691,0.017912,0.038448,0.058405,0.081212,0.058405,-0.096303,4.7578,-999,0,0,0,0,0,0,1.6951,351.7124,,,,,,,,,,
103.1528,6054,3.4667,3,1.1556,0.016553,0.014315,0.002238,0.038448,0.058405,0.081212,0.058405,-0.096303,4.7578,-999,0,0,0,0,0,0,1.6954,352.2095,,,,,,,,,,
103.3676,6069,2.2,3,0.73333,0.010545,0.014009,-0.0034644,0.038448,0.058405,0.081212,0.058405,-0.096303,4.7578,-999,0,0,0,0,0,0,1.6971,352.7065,,,,,,,,,,
103.5833,6084,0.8,3,0.26667,0.0037473,0.013763,-0.010016,0.038448,0.058405,0.081212,0.058405,-0.096303,4.7578,-999,0,0,0,0,0,0,1.7001,353.2036,,,,,,,,,,
103.7941,6099,0.066667,3,0.022222,0.00032559,0.013562,-0.013236,0.038448,0.058405,0.081212,0.058405,-0.096303,4.7578,-999,0,0,0,0,0,0,1.7043,353.7006,,,,,,,,,,
104.0139,6114,1,3,0.33333,0.0046296,0.013388,-0.0087583,0.038448,0.058405,0.081212,0.058405,-0.096303,4.7578,-999,0,0,0,0,0,0,1.7095,354.1977,,,,,,,,,,
104.2222,6129,1.8667,3,0.62222,0.0090825,0.013223,-0.00414,0.038448,0.058405,0.081212,0.058405,-0.096303,4.7578,-999,0,0,0,0,0,0,1.7156,354.6948,,,,,,,,,,
104.4412,6144,0.53333,3,0.17778,0.0025079,0.013051,-0.010543,0.038448,0.058405,0.081212,0.058405,-0.096303,4.7578,-999,0,0,0,0,0,0,1.7223,355.1918,,,,,,,,,,
104.6528,6159,0.53333,3,0.17778,0.0025466,0.012867,-0.01032,0.038448,0.058405,0.081212,0.058405,-0.096303,4.7578,-999,0,0,0,0,0,0,1.7296,355.6889,,,,,,,,,,
104.8676,6174,1.4,3,0.46667,0.0067102,0.012669,-0.0059589,0.038448,0.058405,0.081212,0.058405,-0.096303,4.7578,-999,0,0,0,0,0,0,1.7372,356.1859,,,,,,,,,,
105.0833,6189,2,3,0.66667,0.0093682,0.012461,-0.0030933,0.038448,0.058405,0.081212,0.058405,-0.096303,4.7578,-999,0,0,0,0,0,0,1.745,356.683,,,,,,,,,,
105.2941,6204,1.8667,3,0.62222,0.0091164,0.01225,-0.0031339,0.038448,0.058405,0.081212,0.058405,-0.096303,4.7578,-999,0,0,0,0,0,0,1.7528,357.18,,,,,,,,,,
105.5139,6219,0,3,0,0,0.012042,-0.012042,0.038448,0.058405,0.081212,0.058405,-0.096303,4.7578,-999,0,0,0,0,0,0,1.7604,357.6771,,,,,,,,,,
105.7222,6234,3.4667,3,1.1556,0.016868,0.011842,0.0050257,0.038448,0.058405,0.081212,0.058405,-0.096303,4.7578,-999,0,0,0,0,0,0,1.7679,358.1741,,,,,,,,,,
105.9412,6249,1.8,2.2667,0.72222,0.010188,0.011654,-0.0014656,0.038448,0.058405,0.081212,0.058405,-0.096303,4.7578,-999,0,0,0,0,0,0,1.775,358.6712,,,,,,,,,,
106.1528,6264,5.2667,2.5333,1.8333,0.026262,0.011481,0.014781,0.038448,0.058405,0.081212,0.058405,-0.096303,4.7578,-999,0,0,0,0,0,0,1.7818,359.1683,,,,,,,,,,
106.3676,6279,5.8,3,1.9333,0.0278,0.011325,0.016474,0.038448,0.058405,0.081212,0.058405,-0.096303,4.7578,-999,0,0,0,0,0,0,1.7883,359.6653,,,,,,,,,,
106.5833,6294,0.8,2.8,0.26667,0.0037473,0.01119,-0.0074427,0.038448,0.058405,0.081212,0.058405,-0.096303,4.7578,-999,0,0,0,0,0,0,1.7945,360.1624,,,,,,,,,,
106.7941,6309,0.2,2.0667,0.066667,0.00097676,0.011075,-0.010098,0.038448,0.058405,0.081212,0.058405,-0.096303,4.7578,-999,0,0,0,0,0,0,1.8008,360.6594,,,,,,,,,,
107.0139,6324,3,3,1,0.013889,0.010981,0.0029083,0.038448,0.058405,0.081212,0.058405,-0.096303,4.7578,-999,0,0,0,0,0,0,1.8074,361.1565,,,,,,,,,,
107.2222,6339,6.4667,3,2.1556,0.031465,0.010906,0.020559,0.038448,0.058405,0.081212,0.058405,-0.096303,4.7578,-999,0,0,0,0,0,0,1.8149,361.6535,,,,,,,,,,
107.4412,6354,3.3333,3,1.1111,0.015674,0.010852,0.0048226,0.038448,0.058405,0.081212,0.058405,-0.096303,4.7578,-999,0,0,0,0,0,0,1.8237,362.1506,,,,,,,,,,
107.6528,6369,0.93333,3,0.31111,0.0044565,0.010824,-0.0063676,0.038448,0.058405,0.081212,0.058405,-0.096303,4.7578,-999,0,0,0,0,0,0,1.8342,362.6477,,,,,,,,,,
107.8676,6384,2.8,3,0.93333,0.01342,0.01083,0.0025908,0.038448,0.058405,0.081212,0.058405,-0.096303,4.7578,-999,0,0,0,0,0,0,1.8467,363.1447,,,,,,,,,,
108.0833,6399,9.2,3,3.0667,0.043094,0.010872,0.032222,0.038448,0.058405,0.081212,0.058405,-0.096303,4.7578,-999,0,0,0,0,0,0,1.8615,363.6418,,,,,,,,,,
108.2941,6414,17.4,3,5.8,0.084978,0.010947,0.074031,0.038448,0.058405,0.081212,0.058405,-0.096303,4.7578,-999,0,1,0,1,0,0.2344,1.8786,364.1388,,,,,,,,,,
108.5139,6429,9,3,3,0.041667,0.011049,0.030618,0.038448,0.058405,0.081212,0.058405,-0.096303,4.7578,-999,0,0,0,0,0,0,1.898,364.6359,,,,,,,,,,
108.7222,6444,11.6,3,3.8667,0.056442,0.011169,0.045273,0.038448,0.058405,0.081212,0.058405,-0.096303,4.7578,-999,1,0,0,0,0,0,1.9195,365.1329,,,,,,,,,,
108.9412,6459,3.9333,3,1.3111,0.018496,0.011297,0.007199,0.038448,0.058405,0.081212,0.058405,-0.096303,4.7578,-999,0,0,0,0,0,0,1.9429,365.63,,,,,,,,,,
109.1528,6474,3.6667,3,1.2222,0.017508,0.011422,0.0060856,0.038448,0.058405,0.081212,0.058405,-0.096303,4.7578,-999,0,0,0,0,0,0,1.9678,366.127,,,,,,,,,,
109.3676,6489,4.4,3,1.4667,0.021089,0.011535,0.0095539,0.038448,0.058405,0.081212,0.058405,-0.096303,4.7578,-999,0,0,0,0,0,0,1.9938,366.6241,,,,,,,,,,
109.5833,6504,1.8,2.8,0.63333,0.0087963,0.011628,-0.0028314,0.038448,0.058405,0.081212,0.058405,-0.096303,4.7578,-999,0,0,0,0,0,0,2.0204,367.1212,,,,,,,,,,
109.7917,6519,1,2,0.5,0.0069444,0.011693,-0.0047483,0.038448,0.058405,0.081212,0.058405,-0.096303,4.7578,-999,0,0,0,0,0,0,2.047,367.6182,,,,,,,,,,
110,6534,2,3,0.66667,0.0098039,0.011728,-0.001924,0.038448,0.058405,0.081212,0.058405,-0.096303,4.7578,-999,0,0,0,0,0,0,2.0733,368.1153,,,,,,,,,,
110.2206,6549,1.1333,3,0.37778,0.0052881,0.011732,-0.0064441,0.038448,0.058405,0.081212,0.058405,-0.096303,4.7578,-999,0,0,0,0,0,0,2.0987,368.6123,,,,,,,,,,
110.4306,6564,0.33333,2.3333,0.11111,0.0016037,0.011704,-0.0101,0.038448,0.058405,0.081212,0.058405,-0.096303,4.7578,-999,0,0,0,0,0,0,2.1229,369.1094,,,,,,,,,,
110.6471,6579,0.53333,2.5333,0.17778,0.0025369,0.011643,-0.0091058,0.038448,0.058405,0.081212,0.058405,-0.096303,4.7578,-999,0,0,0,0,0,0,2.1455,369.6064,,,,,,,,,,
110.8611,6594,0.66667,3,0.22222,0.0031469,0.011546,-0.0083995,0.038448,0.058405,0.081212,0.058405,-0.096303,4.7578,-999,0,0,0,0,0,0,2.1662,370.1035,,,,,,,,,,
111.0735,6609,0.6,3,0.2,0.0029085,0.011414,-0.0085057,0.038448,0.058405,0.081212,0.058405,-0.096303,4.7578,-999,0,0,0,0,0,0,2.1848,370.6005,,,,,,,,,,
111.2917,6624,3,3,1,0.013889,0.011245,0.0026438,0.038448,0.058405,0.081212,0.058405,-0.096303,4.7578,-999,0,0,0,0,0,0,2.2014,371.0976,,,,,,,,,,
111.5,6639,0,3,0,0,0.01104,-0.01104,0.038448,0.058405,0.081212,0.058405,-0.096303,4.7578,-999,0,0,0,0,0,0,2.216,371.5947,,,,,,,,,,
111.7206,6654,1.7333,3,0.57778,0.0080876,0.010801,-0.0027133,0.038448,0.058405,0.081212,0.058405,-0.096303,4.7578,-999,0,0,0,0,0,0,2.2288,372.0917,,,,,,,,,,
111.9306,6669,1.3333,3,0.44444,0.0064149,0.010535,-0.0041199,0.038448,0.058405,0.081212,0.058405,-0.096303,4.7578,-999,0,0,0,0,0,0,2.2402,372.5888,,,,,,,,,,
112.1471,6684,1.5333,3,0.51111,0.0072936,0.010249,-0.0029557,0.038448,0.058405,0.081212,0.058405,-0.096303,4.7578,-999,0,0,0,0,0,0,2.2503,373.0858,,,,,,,,,,
112.3611,6699,2.3333,3,0.77778,0.011014,0.0099547,0.0010595,0.038448,0.058405,0.081212,0.058405,-0.096303,4.7578,-999,0,0,0,0,0,0,2.2596,373.5829,,,,,,,,,,
112.5735,6714,3.2,3,1.0667,0.015512,0.0096621,0.0058499,0.038448,0.058405,0.081212,0.058405,-0.096303,4.7578,-999,0,0,0,0,0,0,2.2682,374.0799,,,,,,,,,,
112.7917,6729,4,3,1.3333,0.018519,0.0093812,0.0091373,0.038448,0.058405,0.081212,0.058405,-0.096303,4.7578,-999,0,0,0,0,0,0,2.2766,374.577,,,,,,,,,,
113,6744,5,3,1.6667,0.02451,0.0091195,0.01539,0.038448,0.058405,0.081212,0.058405,-0.096303,4.7578,-999,0,0,0,0,0,0,2.285,375.0741,,,,,,,,,,
113.2206,6759,19.7333,3,6.5778,0.092075,0.0088828,0.083192,0.038448,0.058405,0.081212,0.058405,-0.096303,4.7578,-999,0,1,1,1,0,0.37181,2.2935,375.5711,,,,,,,,,,
113.4306,6774,11.3333,3,3.7778,0.054527,0.0086751,0.045852,0.038448,0.058405,0.081212,0.058405,-0.096303,4.7578,-999,1,0,0,0,0,0,2.3024,376.0682,,,,,,,,,,
113.6471,6789,5.4667,3,1.8222,0.026003,0.0084989,0.017505,0.038448,0.058405,0.081212,0.058405,-0.096303,4.7578,-999,0,0,0,0,0,0,2.3117,376.5652,,,,,,,,,,
113.8611,6804,3.3333,3,1.1111,0.015735,0.0083541,0.0073806,0.038448,0.058405,0.081212,0.058405,-0.096303,4.7578,-999,0,0,0,0,0,0,2.3214,377.0623,,,,,,,,,,
114.0735,6819,0,3,0,0,0.0082386,-0.0082386,0.038448,0.058405,0.081212,0.058405,-0.096303,4.7578,-999,0,0,0,0,0,0,2.3315,377.5593,,,,,,,,,,
114.2917,6834,0,3,0,0,0.008148,-0.008148,0.038448,0.058405,0.081212,0.058405,-0.096303,4.7578,-999,0,0,0,0,0,0,2.3416,,,,,,,,,,,
114.5,6849,3,3,1,0.014706,0.0080762,0.0066297,0.038448,0.058405,0.081212,0.058405,-0.096303,4.7578,-999,0,0,0,0,0,0,2.3516,,,,,,,,,,,
114.7206,6864,0.4,3,0.13333,0.0018664,0.008016,-0.0061496,0.038448,0.058405,0.081212,0.058405,-0.096303,4.7578,-999,0,0,0,0,0,0,2.3611,,,,,,,,,,,
114.9306,6879,0,3,0,0,0.0079613,-0.0079613,0.038448,0.058405,0.081212,0.058405,-0.096303,4.7578,-999,0,0,0,0,0,0,2.3698,,,,,,,,,,,
115.1471,6894,0.53333,3,0.17778,0.0025369,0.0079067,-0.0053698,0.038448,0.058405,0.081212,0.058405,-0.096303,4.7578,-999,0,0,0,0,0,0,2.3774,,,,,,,,,,,
115.3611,6909,1.6667,3,0.55556,0.0078673,0.0078472,2.0177e-05,0.038448,0.058405,0.081212,0.058405,-0.096303,4.7578,-999,0,0,0,0,0,0,2.3836,,,,,,,,,,,
115.5735,6924,2.6,3,0.86667,0.012603,0.0077786,0.0048249,0.038448,0.058405,0.081212,0.058405,-0.096303,4.7578,-999,0,0,0,0,0,0,2.3882,,,,,,,,,,,
115.7917,6939,1,3,0.33333,0.0046296,0.0076989,-0.0030693,0.038448,0.058405,0.081212,0.058405,-0.096303,4.7578,-999,0,0,0,0,0,0,2.391,,,,,,,,,,,
116,6954,3,2,1.5,0.022059,0.0076071,0.014452,0.038448,0.058405,0.081212,0.058405,-0.096303,4.7578,-999,0,0,0,0,0,0,2.3827,,,,,,,,,,,
116.2206,6969,3,2.8667,1.0667,0.014931,0.0075026,0.0074284,0.038448,0.058405,0.081212,0.058405,-0.096303,4.7578,-999,0,0,0,0,0,0,2.372,,,,,,,,,,,
116.4306,6984,7.6667,3,2.5556,0.036886,0.0073853,0.0295,0.038448,0.058405,0.081212,0.058405,-0.096303,4.7578,-999,0,0,0,0,0,0,2.3601,,,,,,,,,,,
116.6471,6999,7.3333,3,2.4444,0.034883,0.0072558,0.027627,0.038448,0.058405,0.081212,0.058405,-0.096303,4.7578,-999,0,0,0,0,0,0,2.3473,,,,,,,,,,,
116.8611,7014,3.3333,3,1.1111,0.015735,0.007115,0.0086197,0.038448,0.058405,0.081212,0.058405,-0.096303,4.7578,-999,0,0,0,0,0,0,2.3341,,,,,,,,,,,
117.0735,7029,0.2,3,0.066667,0.0009695,0.0069649,-0.0059954,0.038448,0.058405,0.081212,0.058405,-0.096303,4.7578,-999,0,0,0,0,0,0,2.3206,,,,,,,,,,,
117.2917,7044,1,3,0.33333,0.0046296,0.0068076,-0.002178,0.038448,0.058405,0.081212,0.058405,-0.096303,4.7578,-999,0,0,0,0,0,0,2.3069,,,,,,,,,,,
117.5,7059,0,3,0,0,0.006645,-0.006645,0.038448,0.058405,0.081212,0.058405,-0.096303,4.7578,-999,0,0,0,0,0,0,2.2931,,,,,,,,,,,
117.7206,7074,0,3,0,0,0.0064785,-0.0064785,0.038448,0.058405,0.081212,0.058405,-0.096303,4.7578,-999,0,0,0,0,0,0,2.2792,,,,,,,,,,,
117.9306,7089,0,2.3333,0,0,0.0063092,-0.0063092,0.038448,0.058405,0.081212,0.058405,-0.096303,4.7578,-999,0,0,0,0,0,0,2.2652,,,,,,,,,,,
118.1389,7104,0.46667,2.4667,0.15556,0.0022198,0.0061382,-0.0039184,0.038448,0.058405,0.081212,0.058405,-0.096303,4.7578,-999,0,0,0,0,0,0,2.2511,,,,,,,,,,,
118.3529,7119,0.66667,3,0.22222,0.0032075,0.0059666,-0.0027591,0.038448,0.058405,0.081212,0.058405,-0.096303,4.7578,-999,0,0,0,0,0,0,2.237,,,,,,,,,,,
118.5694,7134,0,2.8667,0,0,0.0057962,-0.0057962,0.038448,0.058405,0.081212,0.058405,-0.096303,4.7578,-999,0,0,0,0,0,0,2.2228,,,,,,,,,,,
118.7794,7149,0,2,0,0,0.0056294,-0.0056294,0.038448,0.058405,0.081212,0.058405,-0.096303,4.7578,-999,0,0,0,0,0,0,2.2085,,,,,,,,,,,
119,7164,3,3,1,0.013889,0.0054687,0.0084202,0.038448,0.058405,0.081212,0.058405,-0.096303,4.7578,-999,0,0,0,0,0,0,2.1942,,,,,,,,,,,
119.2083,7179,2.2,3,0.73333,0.010664,0.0053169,0.0053476,0.038448,0.058405,0.081212,0.058405,-0.096303,4.7578,-999,0,0,0,0,0,0,2.1799,,,,,,,,,,,
119.4265,7194,1.3333,3,0.44444,0.0062939,0.0051768,0.0011171,0.038448,0.058405,0.081212,0.058405,-0.096303,4.7578,-999,0,0,0,0,0,0,2.1654,,,,,,,,,,,
119.6389,7209,0.53333,2.0667,0.17778,0.0025369,0.0051019,-0.002565,0.038448,0.058405,0.081212,0.058405,-0.096303,4.7578,-999,0,0,0,0,0,0,2.1509,,,,,,,,,,,
119.8529,7224,3,1.6667,1,0.014434,0.0050344,0.0093992,0.038448,0.058405,0.081212,0.058405,-0.096303,4.7578,-999,0,0,0,0,0,0,2.1364,,,,,,,,,,,
120.0694,7239,9.8,3,3.2667,0.045726,0.0049692,0.040757,0.038448,0.058405,0.081212,0.058405,-0.096303,4.7578,-999,0,0,0,0,0,0,2.1217,,,,,,,,,,,
120.2794,7254,15,3,5,0.073529,0.0049056,0.068624,0.038448,0.058405,0.081212,0.058405,-0.096303,4.7578,-999,0,0,0,0,0,0,2.1069,,,,,,,,,,,
120.5,7269,16,3,5.3333,0.074074,0.0048439,0.06923,0.038448,0.058405,0.081212,0.058405,-0.096303,4.7578,-999,1,1,0,1,0,0.33672,2.0919,,,,,,,,,,,
120.7083,7284,8,3,2.6667,0.03878,0.0047845,0.033995,0.038448,0.058405,0.081212,0.058405,-0.096303,4.7578,-999,0,0,0,0,0,0,2.0768,,,,,,,,,,,
120.9265,7299,4.6667,3,1.5556,0.022029,0.0047276,0.017301,0.038448,0.058405,0.081212,0.058405,-0.096303,4.7578,-999,0,0,0,0,0,0,2.0615,,,,,,,,,,,
121.1389,7314,2.1333,2.5333,0.71111,0.010148,0.0046732,0.0054744,0.038448,0.058405,0.081212,0.058405,-0.096303,4.7578,-999,0,0,0,0,0,0,2.046,,,,,,,,,,,
121.3529,7329,0,2.3333,0,0,0.0046214,-0.0046214,0.038448,0.058405,0.081212,0.058405,-0.096303,4.7578,-999,0,0,0,0,0,0,2.0302,,,,,,,,,,,
121.5694,7344,0.13333,3,0.044444,0.00062213,0.004572,-0.0039499,0.038448,0.058405,0.081212,0.058405,-0.096303,4.7578,-999,0,0,0,0,0,0,2.0143,,,,,,,,,,,
121.7794,7359,1,3,0.33333,0.004902,0.004525,0.00037694,0.038448,0.058405,0.081212,0.058405,-0.096303,4.7578,-999,0,0,0,0,0,0,1.9981,,,,,,,,,,,
122,7374,0,3,0,0,0.0044804,-0.0044804,0.038448,0.058405,0.081212,0.058405,-0.096303,4.7578,-999,0,0,0,0,0,0,1.9817,,,,,,,,,,,
122.2083,7389,0,3,0,0,0.004438,-0.004438,0.038448,0.058405,0.081212,0.058405,-0.096303,4.7578,-999,0,0,0,0,0,0,1.965,,,,,,,,,,,
122.4265,7404,0,3,0,0,0.0043978,-0.0043978,0.038448,0.058405,0.081212,0.058405,-0.096303,4.7578,-999,0,0,0,0,0,0,1.9482,,,,,,,,,,,
,7419,0,3,0,0,0.0043596,-0.0043596,0.038448,0.058405,0.081212,0.058405,-0.096303,4.7578,-999,0,0,0,0,0,0,1.9312,,,,,,,,,,,
,7434,0,2,0,0,0.0043233,-0.0043233,0.038448,0.058405,0.081212,0.058405,-0.096303,4.7578,-999,0,0,0,0,0,0,1.914,,,,,,,,,,,
